Name,Description,Link,Full Content,Who can apply,What to expect,How to apply,Contact,Source URL
Milk Powder & Diapers Assistance (BCare),"Milk Powder &amp; Diapers Assistance
We support low-income families by ensuring that their young children aged 0 to 4 receive the required nutrition and care for their growing years.
Our service includes

Provision of milk powder and diapers (up to 6 months)
Monthly home visits
Equipping parents with parenting skills and knowledge",https://www.sgsocialsupport.com/resource/U7Q5nHT6sUW,No Content Found,"Residents staying in Hougang or Sengkang or Punggol.
Families with children aged 0 to 4
Household income < $3,000 monthly or Per capita income < $1,000 monthly",What you will receive monthly (up to 6 months) 1 tin of formula milk powder Diapers for each child as per needs,Please contact the organisation for more details.,"Bethesda CARE Centre + − Leaflet | OneMap © contributors | Singapore Land Authority Blk 242 #01-93, Hougang St 22 
S530242 6340 3161 admin@bcare.org.sg Website",https://www.sgsocialsupport.com/resource/U7Q5nHT6sUW
Dreams,"A first-of-its-kind secular, co-ed weekday residential model that provides after-school academic and holistic support, =DREAMS aspires to create a child-centric system of care that empowers children from low-income households to aspire towards their dreams and break out of poverty, allowing them to access and dream of a future where they are not limited by family circumstances. The mission of =DREAMS is: Empowering our youth to attain social mobility through holistic developmental support.",https://www.sgsocialsupport.com/resource/TRH9ja848nF,No Content Found,"To qualify for the programme, the child should have secured a place in an MOE secondary school based on his/her PSLE results. In addition: The child is residing in a HDB Rental Flat under the HDB Public Rental Scheme The child is a Singapore Citizen or Permanent Resident The child must aspire to be in =DREAMS and have parents/guardians who are supportive of their aspiration to be in =DREAMS","Successful applicants will benefit from the programme for up to 6 years, from Secondary 1 to Pre-Tertiary. Children under the programme will commute to school themselves and return to our boarding residence after the school day, where they will receive after-school academic and holistic support. =DREAMS will offer a full range of programmes with a focus on Academic Support. Differentiated Programmes will also be introduced. These are designed according to the specific need of each age band and can include coding classes, eco-citizenship cultivation lessons, leadership and critical-thinking focused training. Additionally, =DREAMS will work with community partners to provide access and guidance for our children to stay healthy and take care of their minds and bodies through Nutrition, Health and Wellness programmes. =DREAMS aspires to create a child-centric holistic system of care encouraging parental involvement whilst engaging and collaborating with community partners.","Interested parents/guardians and children are invited to visit our Campus to find out more. For enquiries related to admissions, please contact us at: admissions@dreamssingapore.org.sg Application Form","=DREAMS (Singapore) Limited + − Leaflet | OneMap © contributors | Singapore Land Authority 99 Haig Road 
S438748 6992 2838 admissions@dreamssingapore.org.sg Website",https://www.sgsocialsupport.com/resource/TRH9ja848nF
6th Sense,"We journey with children from rental flats to uncover the unique gifts they bring into the world.Volunteer-run groundup which befriends children 7 to 14 years of age at Kebun Baru.Fortnightly Saturday evening sessions, immersing in art often inspired by nature or following up on a child's inspiration.Free play around the blocks and often involves playing at the AMK Bishan Park.",https://www.sgsocialsupport.com/resource/NZREXYCTxyV,No Content Found,Please contact the organisation for more details.,Please contact the organisation for more details.,Please contact the organisation for more details.,"6th Sense + − Leaflet | OneMap © contributors | Singapore Land Authority Ang Mo Kio Ave 3, Singapore 
S560245 9105 7891 6th6en6e@gmail.com Website",https://www.sgsocialsupport.com/resource/NZREXYCTxyV
ALMA (aLife),"aLife is committed to assisting new mothers who are in financial difficulty to provide the basic necessities to their newborn from birth up until the infant attains the age of two (2). We ensure that these babies do not miss out on the essential nutrients and foundation needed in their infancy.
Additionally, ALMA serves as a support system for the new mothers during their journey with aLife. Through ALMA's holistic approach, aLife aims for the ALMA families to feel heard and understood as they work towards breaking out of the poverty cycle and the difficulties that come along with it.",https://www.sgsocialsupport.com/resource/VZ2XBmcpEtm,No Content Found,Please contact the organisation for more details.,Please contact the organisation for more details.,"aLife collaborates closely with other voluntary organisations and government agencies to provide holistic assistance to the family. Eligible clients are accepted mainly on a referral basis from Social Service Agencies/Family Service Centres (FSC).  If you are a client who needs help, please seek assistance from the FSC nearest to your home.","aLife + − Leaflet | OneMap © contributors | Singapore Land Authority 308 Shunfu Rd, #01-165 
S570308 6258 8816 contact@alife.org.sg Website",https://www.sgsocialsupport.com/resource/VZ2XBmcpEtm
Arc Children's Centre,"Arc aims to provide a sanctuary for the continuing education, safety and bonding of children with cancer or other life-threatening illnesses. Our care also extends to the siblings and family, creating a haven of respite and comfort",https://www.sgsocialsupport.com/resource/u-7ZuEbL9ZZ,No Content Found,Please contact the organisation for more details.,Please contact the organisation for more details.,Please contact the organisation for more details.,Arc Children's Centre 6252 4898 enquiry@arcchildren.org Website,https://www.sgsocialsupport.com/resource/u-7ZuEbL9ZZ
Babes,"Babes Pregnancy Crisis Support Ltd (Babes) is a non-profit agency that journeys with pregnant teenagers, providing emotional support, information and resources to empower them to make responsible decision on their pregnancy.
Babes takes a “mother-centric” approach and ensure she is aware of her choices and empowered to make responsible decisions for her pregnancy. We will respect and support her choice with a view to nurturing longer-term, on-going support from family, friends, volunteers and the wider community, and a normal life for her.
Babes Pregnancy Crisis Support Ltd (Babes) is a non-profit organisation that is committed to ensuring that every pregnant teenager in need of support be aware of the options she has and is given the opportunity to make an informed decision with regard to her pregnancy. At Babes, we also believe that support from her family, friends and wider community is essential for a pregnant teenager to make her decision responsibly and for her to experience a sense of normalcy in this difficult period. We journey with every pregnant teenager keeping in mind the long-term goal of increased wellbeing during pregnancy and better preparedness to cope in the future.
A 24-hour helpline was chosen as the medium of communication as an approachable, friendly and non-threatening way for these teens in crisis to contact us. We are the only organisation in Singapore that is devoted to exclusively supporting pregnant teenagers in crisis.
Babes began as a program under Beyond Social Services in 2005 and in 2013, established itself as an independent organisation with the aim to provide more focus on teenage pregnancy. At Babes, we do not charge for our services and since the programme was launched, we have assisted more than 800 girls in a pregnancy crisis (2005 -2022).",https://www.sgsocialsupport.com/resource/KejPRCauvVj,No Content Found,Please contact the organisation for more details.,Please contact the organisation for more details.,Please contact the organisation for more details.,Babes 328 Sembawang Crescent 6206 6641 hello@babes.org.sg Website,https://www.sgsocialsupport.com/resource/KejPRCauvVj
Beautiful Mind Charity,"BMC serves the community by caring for the underprivileged, especially nurturing musical talents in children with special needs. Our mission is to discover and nurture the classical music talents of children aged 7-16 years old with special needs and provide a platform for them to develop as financially independent professional musiciansOUR BENEFICIARIESThe Riding for the Disabled Association of Singapore (RDA)SPD (formerly known as Society for the Physically Disabled)Lighthouse SchoolMuscular Dystrophy Association (Singapore)Rainbow Centre",https://www.sgsocialsupport.com/resource/DUR9ru8QGjV,No Content Found,Please contact the organisation for more details.,Please contact the organisation for more details.,Please contact the organisation for more details.,"Kaede H'ng + − Leaflet | OneMap © contributors | Singapore Land Authority 138 Robinson Road #02-26 Oxley Tower 
S068906 9396 0817 admin@bmc-sg.org Website",https://www.sgsocialsupport.com/resource/DUR9ru8QGjV
Blessings in a Bag,"Opportunities, loving support and space to build dreams.
We believe every child has a right to opportunities, loving support and space to build their dreams. We believe in a future where young Singaporeans can shine their brightest, regardless of their background or circumstances.
EMOTIONAL SUPPORT
Our awesome volunteers serve as role models and mentors who provide a listening ear, offer guidance and connect kids to the necessary support that they need. We create a space where every child can feel safe, supported and loved so that they can be the best &amp; true versions of themselves. We also provide them with welfare packs to keep their energy and emotional levels high!
SOCIAL CONNECTION
During Beyond Awesome Sessions, the kids get the opportunity to form meaningful and long lasting connections with others. They get to meet their friends from different schools, interact with our volunteers from all walks of life and pick up skills from many of our community partners from various industries. Friendships are forged and bonds are deepened during these sessions!
PHYSICAL PRESENCE
We provide a space for our kids to learn life skills, meet experts from various fields and participate in a range of activities that will propel them towards success. Our kids have opportunities to embark on adventures around Singapore - from workouts at a fitness studio, a trip to the Science Centre, to getting their hands dirty at artisanal craft workshops - their perspectives are broadened and they’re given a chance to dream of endless possibilities of what they want to be when they grow up. We also create activity kits for them to stay engaged, learn, and take a mental break even while at home! Mostly, we create fun and simply just want our kids to be kids.",https://www.sgsocialsupport.com/resource/pJfJQKqbwNh,No Content Found,Please contact the organisation for more details.,Please contact the organisation for more details.,They can be contacted through form in http://www.blessingsinabag.co/say-hello,"Blessings in a Bag + − Leaflet | OneMap © contributors | Singapore Land Authority 315 Outram Road, #08-06A Tan Boot Liat Building 
S169074 Website",https://www.sgsocialsupport.com/resource/pJfJQKqbwNh
CareNights - Morning Star,"The First Evening Care for Families in Need
CareNights is an evening support programme for children aged 6 to 14 years from 6 pm to 10 pm on weekdays. The programme journeys with children to enhance their social and psychological development. With daily interactions, we have seen significant improvements in the children’s behaviours. Dinner is provided to ensure that children understand the importance of nutrition.
Through this programme, we hope to break the Adverse Childhood Experiences (ACEs) pattern that parents and caregivers may have been exposed to and be the first line of intervention for children experiencing any form of challenges that require professional assistance.",https://www.sgsocialsupport.com/resource/CUfPnTD6ATu,No Content Found,"Parents whose combined income is up to $4,500 (gross, or a per capita of up to $1,125). Referrals from schools, social service or government agencies are welcome. Interested parents and caregivers can also register interest at https://www.morningstar.org.sg/carenights/.",Please contact the organisation for more details.,Please contact the organisation for more details.,"Agape Village Centre + − Leaflet | OneMap © contributors | Singapore Land Authority 7A Lor 8 Toa Payoh #03-06 
S319264 Bedok North Centre + − Leaflet | OneMap © contributors | Singapore Land Authority Blk 508 Bedok North Avenue 3 #01-369 
S460508 Morning Star Community Services Website Primavera Centre + − Leaflet | OneMap © contributors | Singapore Land Authority Blk 95 Bedok North Avenue 4 #01-1415 
S460095 Sengkang Centre + − Leaflet | OneMap © contributors | Singapore Land Authority Blk 261B Sengkang East Way #01-400 
S542261",https://www.sgsocialsupport.com/resource/CUfPnTD6ATu
Children and Youth programme (EQUAL),"This programme develops socio-emotional skills in youth and those with special needs, through experiential learning with our equine partners",https://www.sgsocialsupport.com/resource/mmG9QyvfADY,No Content Found,Children and youth including those with special needs aged between 7 to 21 years old,Please contact the organisation for more details.,"Programme Structure
10 to 18 weekly sessions
Each session is 2.5 hours long
Weekdays or weekends","EQUAL + − Leaflet | OneMap © contributors | Singapore Land Authority 100 Jalan Mashhor 
S299177 6904 0422 info@equal.org.sg Website",https://www.sgsocialsupport.com/resource/mmG9QyvfADY
Children Cancer Foundation Education Awards,"CCF Education Awards
The CCF Education Awards seek to offer assistance and recognition for the academic performance of beneficiaries who have undergone cancer treatment and have returned to school.",https://www.sgsocialsupport.com/resource/Fn5w4Ue9aMW,No Content Found,Beneficiaries who have undergone cancer treatment and have returned to school.,Please contact the organisation for more details.,Please contact the organisation for more details.,"Children Cancer Foundation + − Leaflet | OneMap © contributors | Singapore Land Authority 535 Kallang Bahru, #02-01, GB Point 
S339351 CCF Community Office will be open every Tuesdays to Thursdays (except public holidays). Appointments are strongly encouraged before your visit. 6229 3701 ccfadmin@ccf.org.sg Website",https://www.sgsocialsupport.com/resource/Fn5w4Ue9aMW
Children Enrichment Programme (Children's Wishing Well),"Recognising that every child has different strengths, this program aims to provide holistic child development across 6 areas. We address basic needs so children can concentrate on things that matters and prepare them to become useful members of society.Academic Support a. Tuition conducted by MOE-registered former school teachers b. Additional 1-on-1 with volunteers for weaker studentsReading Club a. Volunteers read to children and organise activities related to the stories/ themes b. The weekly sessions are to increase their language ability and interest in readingNon-academic electives (Music, sports, IT, arts) a. Regular lessons in music, sports, speech &amp; drama, art, IT, etc conducted by professionals and volunteers b. In recognition that not all children are academically-inclined, our “Reach for the Stars” programme identifies those who are talented in these areas to sponsor them for professionals training, and hence support their ambitions to pursue careers in these areasLife Skills a. Volunteers conduct training sessions on interview skills, personal grooming, cooking, public speaking, decision making, etc b. These life skills are an essential part of the holistic development for children, and can help them succeed later onCareer GPS a. Corporates host secondary school students to expose them to possible careers in different industries b. Where possible, they follow up with opportunities for internship, job shadowing, and/or mentorship c. We also provide on-site counselling services for children and their familiesLearning Journey a. Corporates or volunteers organise and sponsor outings or events b. To educate and expose the children to experiences and knowledge outside the classroom",https://www.sgsocialsupport.com/resource/b-5ha6nGcJy,No Content Found,Please contact the organisation for more details.,Please contact the organisation for more details.,Please contact the organisation for more details.,Children's Wishing Well info@wishingwell.org.sg Website,https://www.sgsocialsupport.com/resource/b-5ha6nGcJy
Coalition Against Bullying for Children and Youth (CABCY),"CABCY is a Voluntary Welfare Organisation set up to help children, youth and adults recognise the different forms of bullying, its effects on the targets of bullying and what can be done to help reduce or prevent bullying. CABCY exists to be a resource for children, youth, parents, teachers, child workers, social workers, counsellors and other people who work with children and youths to obtain help and advice on issues concerning bullying.
CABCY has been providing a range of services since 2005. These services include:
​*  * Anti-Bullying Talk/Workshop

Parent Consultations 
Volunteering Opportunities
Research and Publications
* e-Consultations",https://www.sgsocialsupport.com/resource/PB83VMXqngZ,No Content Found,Please contact the organisation for more details.,Please contact the organisation for more details.,Please contact the organisation for more details.,"Coalition Against Bullying for Children and Youth (CABCY) + − Leaflet | OneMap © contributors | Singapore Land Authority 10 Anson Road, International Plaza, #12-12 
S079903 6223 3122 Website",https://www.sgsocialsupport.com/resource/PB83VMXqngZ
Code in the Community,"As the world continues to race ahead, too many kids are being left behind because of structural inequalities. Gender, infrastructure and urban poverty are just some of the factors that hold kids back through no fault of their own. Through code, we are creating opportunities for kids to lift themselves out of their circumstances.  
Code in the Community (CITC) is Singapore’s largest free coding programme for kids from disadvantaged backgrounds. 
We provide free coding classes for kids 5-14 years old.",https://www.sgsocialsupport.com/resource/zsqDrra5s7d,No Content Found,Please contact the organisation for more details.,Please contact the organisation for more details.,Please contact the organisation for more details.,"JustCo + − Leaflet | OneMap © contributors | Singapore Land Authority JustCo International Plaza
10 Anson Road , #05-01 
S079903 citc@saturdaykids.com Website",https://www.sgsocialsupport.com/resource/zsqDrra5s7d
Early Intervention Programme For Infants and Children (EIPIC) (CPAS),"The Early Intervention Programme for Infants and Children (EIPIC) at CPAS provides early intervention for children with one or more disabilities, and prepares them for admission into either a Special Education school or mainstream school.
Curriculum domains covered by the programme include:

Cognitive skills
Adaptive skills
Social skills
Fine &amp; Gross motor skills
Social-communication skills

OBJECTIVES

To maximise the developmental growth of each child by providing holistic and individual developmental programmes for children 6 years old or below, diagnosed with one or more disabilities
To provide family-centred support and training for the child
To provide rehabilitative, therapeutic and supportive services
To provide integration support to mainstream preschool",https://www.sgsocialsupport.com/resource/jjgsZeZzEd-,No Content Found,"We will continue to make adjustments to our admission and initial screening in view of COVID-19 situation. We seek your understanding and will provide more details and information when we liaise with you via email, calls and tele-conferencing. Age from 6 months to 6 years old A child diagnosed with cerebral palsy, Autism Spectrum Disorder, chromosomal abnormalities, Down Syndrome, Global Developmental Delay, communication disorders or other developmental needs Singapore Citizen or Permanent Resident Only referrals from SG Enable are accepted. Please visit www.sgenable.sg for more information.",Please contact the organisation for more details.,Please contact the organisation for more details.,Early Intervention Programme For Infants and Children (EIPIC) (CPAS) Monday to Friday from 8am to 5pm 6585 5647 hqadmin@cpas.org.sg Website,https://www.sgsocialsupport.com/resource/jjgsZeZzEd-
EDIcares,"Parents of poor and needy families struggle to work, take care of their children and provide for their basic needs.&nbsp; Some of these families receive regular food rations for daily sustenance and can scarcely afford diapers and milk powder for their children.&nbsp; Many such mothers are malnourished themselves or are medically unwell, and so are unable to breastfeed their children.Milk and DiapersFrom 2018 onwards, we partnered with&nbsp;Prison Fellowship Singapore to provide milk and diapers to families in need.Besides relieving the tight financial situation of these families, the milk provided supports the physical growth of their children, many who are undernourished. With PFS, we extended the support to provide UHT milk to children older than 3 years old. PFS shared that there are families whose main meal consists of porridge, ikan bilis and vegetables, and these children often skipped breakfast and were hungry in school.Furthermore, we found out that by providing milk to school-going children, their school attendance and performance improved – they were no longer constantly hungry and their bodies received the nutrients they needed for optimal physiological development.",https://www.sgsocialsupport.com/resource/nTTXy-Sdw5X,No Content Found,Edicares work with Prison Fellowship Singapore (PFS) to support the families under them. Families that have one parent in prison or was an ex-convict can apply to PFS,Please contact the organisation for more details.,Please contact the organisation for more details.,"EDIcares + − Leaflet | OneMap © contributors | Singapore Land Authority 3A International Business Park, #08-16 ICON @ IBP
 
S609935 6908 7656 hsinee.chia@edis.sg Website",https://www.sgsocialsupport.com/resource/nTTXy-Sdw5X
"Education Support Program (LOVE, NILS)","160 children are newly diagnosed annually with cancer in Singapore. Their suppressed immune systems often do not allow them to attend school during their six months to one-year treatment or longer when their remission is unstable.LOVE, NILS has aligned with a professional licensed tutoring company to provide one-to-one specialized twice-weekly tutoring sessions to support these patients and their siblings in their home and the hospital, online.",https://www.sgsocialsupport.com/resource/xHDYQZgHREM,No Content Found,Children with cancer treated in Singapore hospitals can register here: http://bit.ly/LOVENILSEducationSupport,,Please contact the organisation for more details.,"Education Support Program (LOVE, NILS) + − Leaflet | OneMap © contributors | Singapore Land Authority LOVE, NILS Ltd.
1 North Bridge Road, #13-01 High Street Centre 
S179094 hello@lovenils.org Website",https://www.sgsocialsupport.com/resource/xHDYQZgHREM
Elevate the Streets,"Elevate the Streets is an initiative that aims to bridge street subcultures with social services through workshops, events and outreach.
On 10th March 2019, some of us gathered in a cozy apartment, and we had a crazy idea. We wanted to apply our common love for breaking to serving a greater cause. Our central idea was simple: breaking had empowered us, and can similarly empower others.
Troubled and disaffected youths often benefit from having an anchor in their formative years to channel their energies productively. This led us to explore breaking as a way to reach out to youth communities. In fact, this concept of reaching out through hip-hop is a core part of the culture, tied in with its well-known elements of “Peace, Love, Unity and Having Fun”.
With these thoughts and convictions, we started a movement that championed all that is positive about being involved in subcultures — the community, the values, and the potential for social impact. Through Elevate the Streets, we hope to become a gateway where outsiders can have an enriched understanding of what it means to practice b-boying, dj-ing, graffiti, parkour, and other subcultures in Singapore.",https://www.sgsocialsupport.com/resource/3pQPhg5E5Zz,No Content Found,Please contact the organisation for more details.,Please contact the organisation for more details.,They can be contacted through form in their website,Elevate the Streets elevatethestreets@gmail.com Website,https://www.sgsocialsupport.com/resource/3pQPhg5E5Zz
Epworth Family Welfare - Family Guidance Order (Epworth Community Services),"Epworth Family Welfare provides intervention programmes and services to help parents facing challenges in managing their children and youths below the age of 16 years old. These Pre-FGO programmes and services are designed to work with at-risk children and youths on their challenging behaviours; provide parenting skills for the parents; as well as build better family relationships. Under the Children and Young Persons Act (CYPA) passed in Parliament in 2019, parents and their children will have to attend the Pre-FGO programmes and services before they can seek further assistance from the Youth Court. (Click here for more information)",https://www.sgsocialsupport.com/resource/PkAqeWgyHtB,No Content Found,Please contact the organisation for more details.,Please contact the organisation for more details.,"Parents can now use this link to register for an appointment with Epworth Community Services.  You will need to log in using your Singpass. Alternatively, you may wish to contact us at 6715 3732 directly to register for an appointment.","Epworth Community Services + − Leaflet | OneMap © contributors | Singapore Land Authority Block 106 Bukit Batok Central,
#01-217 
S650106 6715 3732 Website",https://www.sgsocialsupport.com/resource/PkAqeWgyHtB
Epworth Foster Care (Epworth Community Services),"Epworth Community Services was appointed by the Ministry of Social &amp; Family Development (MSF) in September 2015 to set up the first Fostering Agency in Singapore, Epworth Foster Care.MSF hopes that by having Foster Agencies in the community, there will be better support for foster families and more foster parents can be recruited.Our mission is to provide quality care and support to foster parents; and connecting them to a wider network of resources. While the reintegration of foster children with their natural families are being worked at, foster families will be equipped to ensure the well-being and holistic development of foster children in a safe, nurturing and caring family environment.What do foster parents do?Children are placed in foster care when they are no longer able to stay safely with their own natural families or next-of-kin. Children placed on MSF’s fostering scheme require a safe, stable and nurturing home environment to grow and reach their potential. Foster parents provide loving homes for these children and give them the care that will help them heal and grow.By being a foster parent, you will be providing a loving and caring family environment for vulnerable children in need of care. Foster parents can make a very positive impact in the lives of these children.Reasons Why Children Come Into CareChildren come into care for the following reasons:Children are victims of physical, sexual or emotional abuse.Children are victims of neglect or abandonmentParents have passed awayParents have been incarceratedParents suffer from physical or mental illness and are unable to care for their childrenParents are facing financial difficulties or experiencing crisis in their lives",https://www.sgsocialsupport.com/resource/RLuws6w3fh6,No Content Found,"Who can Foster? The applicant must be a resident of Singapore The applicant must be at least 25 years old and married The applicant must be medically fit to care for children The applicant must have a minimum monthly household income of S$2,000 and a PCI of at least $700* The applicant should have attained secondary school education The applicant should have experience caring for and living with children and/or exhibit strong parenting skills; and The applicant should be willing to provide and ensure a child-safe home environment for the foster child. The applicant must be willing to work with MSF and other professionals for the child’s best interest.",Please contact the organisation for more details.,Become a foster parent Fill in the application form here and we will get in touch with you. You may also write us an email at fostercare@epworth.sg or contact us at 9119 8711 (Whatsapp),"Epworth Community Services + − Leaflet | OneMap © contributors | Singapore Land Authority Block 106 Bukit Batok Central,
#01-217 
S650106 6562 2211 fostercare@epworth.sg Website",https://www.sgsocialsupport.com/resource/RLuws6w3fh6
Forte360,"Forte360 is a self-initiated initiative composed of students and alumni from local universities. We are driven to make a positive impact in students' education journey, especially for those from underprivileged backgrounds. We would like to emphasise Skills-Based learning to be cultivated from a young age (Upper Primary and Secondary School students).
Thus, we are looking to collaborate with non-profit organisations catering to students to plan and customise a programme series that incorporates hard, soft and socio-emotional skills at a pro-bono basis. Some of the Hard skills include Entrepreneurship, Financial Management, Coding and Basic Engineering which these students can use them in their lives. We have a pool of volunteers to execute the activities to teach the students the respective skills. Due to covid-19, we are prepared to conduct these activities virtually as well.",https://www.sgsocialsupport.com/resource/vS3CawYVkYx,No Content Found,Please contact the organisation for more details.,Please contact the organisation for more details.,Please contact the organisation for more details.,Forte360 forte360.initiatives@gmail.com Website,https://www.sgsocialsupport.com/resource/vS3CawYVkYx
Grace Orchard School,Grace Orchard School (GOS) caters to students aged 7 – 18 years old who have been diagnosed with Mild Intellectual Disability (MID) as well as those with Mild Autism Spectrum Disorders (ASD). The school is specifically for students ranging from 7-18 years old who have Intellectual Quotient (IQ) which falls within the range of 50-70.,https://www.sgsocialsupport.com/resource/AVf5xvYe9-Q,No Content Found,,Please contact the organisation for more details.,Please contact the organisation for more details.,"Grace Orchard School + − Leaflet | OneMap © contributors | Singapore Land Authority 170 West Coast Road 
S127443 6561 9128 info@go.edu.sg Website",https://www.sgsocialsupport.com/resource/AVf5xvYe9-Q
Gracehaven Fostering (The Salvation Army),"Appointed by the Ministry of Social and Family Development, we collaborate with foster families to provide a safe and secure home for foster children and young persons who require care and protection. These children are in foster care due to reasons that may lead to their family being unable to care for them temporarily.
We are committed to safeguarding and nurturing children and youth who need care and protection. Our two residential homes, together with our Interim Placement and Assessment Centre, cares for around 150 persons a year. Gracehaven Fostering supports around 100 foster children and youth in the community.",https://www.sgsocialsupport.com/resource/x-28RRgKQqn,No Content Found,Please contact the organisation for more details.,"Regular Contact
Support is given through home visits, calls and a 24/7 emergency hotline. Specialised Training
Tailored programmes are provided to equip foster parents. Support Groups
Provides support for foster parents through the sharing of experiences and knowledge. Finances
A monthly fostering allowance, medical and subsidised child/student care fees are provided.","If you are interested to be a foster parent, please download the application form or click Frequently Asked Questions for more information.","Gracehaven (The Salvation Army) + − Leaflet | OneMap © contributors | Singapore Land Authority 3 Lorong Napiri 
S547528 8833 8173 gracehaven.fostering@smm.salvationarmy.org Website",https://www.sgsocialsupport.com/resource/x-28RRgKQqn
Happy Children Happy Future,"Happy Children Happy Future (HCHF) was founded by Gary Lau Hwei in June 2017. HCHF targets Pri 1 to Sec 3 students, who comes from either low-income and/or single-parent families.
Many times, these vulnerable children lacked tangible resources to succeed in their studies. With a lack of resources and opportunities, their future is affected. Therefore, HCHF aims to help ease their predicaments and improve their quality of life. Tuition conducted will be complimentary.
PROGRAMMES

Group Tuition (GT) Programme - The GT programme is conducted at selected RC and FSC centres. It targets at children from Pri 1 to Sec 3 students. It is conducted in a weekly basis from February to May and July to October. Each session is between 1 hour to 1 hour 30 minutes.
Board Game (BG) Programme - BG programme is a social development programme where volunteers and children come together and spend their time meaningfully through board games. It is situated in a selected few RC centres. It helds in every last week of every month.
Together We Are One Programme - Workshop and outing events that are held every once or twice a year. These events are usually sponsored by external parties and organized by the HCHF team.",https://www.sgsocialsupport.com/resource/bsszAPLd8wq,No Content Found,Please contact the organisation for more details.,Please contact the organisation for more details.,Please contact the organisation for more details.,Happy Children Happy Future 8715 4128 hchf.community@gmail.com Website,https://www.sgsocialsupport.com/resource/bsszAPLd8wq
Home Based Childminding Programme (Daughters of Tomorrow),"Economically challenged parents could face limited employment options due to irregular working hours and may require alternate caregiving arrangements beyond traditional child care institutions who work the standard office hours.The Home Based Childminding Programme aims to support these parents in achieving stability, self-reliance, and ultimately social mobility by providing after-hours childminding services to allow them to seek employment opportunities or to go for skills training.&nbsp;The Home Based Childminding Programme has expanded its services from Punggol and Bedok to all of Singapore as of 23 Jan 2023.",https://www.sgsocialsupport.com/resource/NzRWmsVqgky,No Content Found,Please contact the organisation for more details.,Please contact the organisation for more details.,Please contact the organisation for more details.,Home Based Childminding Programme (Daughters of Tomorrow) HomeChildminding@DaughtersOfTomorrow.org Website,https://www.sgsocialsupport.com/resource/NzRWmsVqgky
Huggies Singapore Diaper Bank @ North West (North West CDC),"Huggies Singapore Diaper Bank @ North West provides children diapers to low-income young families to help defray some household expenses and ease their financial stress on raising children.
Eligible applicants may apply during the two application windows each year, and receive six packets of diapers for children from newborn up to four years old.",https://www.sgsocialsupport.com/resource/8srCQdZ9KFk,No Content Found,"Singapore Citizen, or Permanent Resident (at least one immediate family member in the same household must be a Singapore Citizen) Resident of the North West District; Monthly household income of ≤ $3,400 or monthly Per Capita Income of ≤ $850 Please note that the applications will open in April and October 2024.",Please contact the organisation for more details.,Please contact the organisation for more details.,North West CDC 6248 5566 northwest_cdc@pa.gov.sg Website,https://www.sgsocialsupport.com/resource/8srCQdZ9KFk
I Am Talented (IAT),I Am Talented is a social empowerment initiative for youth in Singapore to explore areas of interest in non-academic pathways.,https://www.sgsocialsupport.com/resource/4KZVQZkCxSy,No Content Found,Please contact the organisation for more details.,Please contact the organisation for more details.,Please contact the organisation for more details.,I Am Talented (IAT) iamtalented@googlegroups.com Website,https://www.sgsocialsupport.com/resource/4KZVQZkCxSy
Jiayou Station,"Jiayou Station is a peer mentorship programme that aims to provide mentorship support for students who can use the help, in both academic and aspirational areas. Through regular tutoring sessions and sharing sessions, our goal is to nurture greater motivation for students to aspire higher, and to provide them with the knowledge needed to realise these aspirations.
Our Instagram features our Void Deck initiative, sharing inspiring stories of people who made unique decisions in their student lives through engaging comics that feature our titular mascot, Oli!
Our Mission is:

Academic: To provide tailored academic assistance to individual students through regular tutoring sessions.
Aspirational: To capitalise on shared experiences of the volunteering community to help students develop their extracurricular interest.",https://www.sgsocialsupport.com/resource/9k38wfyXDKa,No Content Found,Please contact the organisation for more details.,Please contact the organisation for more details.,Please contact the organisation for more details.,Jiayou Station Website,https://www.sgsocialsupport.com/resource/9k38wfyXDKa
Kid's Weekday Care - YWCA,"Supporting Underprivileged Children
Replacing the former Kids’ Club programme which ran from 2007 to 2015, the YWCA Kids’ Weekday Care (KWC) programme was set up in 2016 to provide afterschool care to latch-key children from low-income families. It was created in response to demand for afterschool care needs from our beneficiary families under our Meals-on-Wheels (https://ywca.org.sg/food-distribution/meals-on-wheels/) programme.
The thrice-weekly afterschool care service covers two-way transport from school and back to their respective homes, halal lunch and a structured care schedule at a highly subsidised cost.
The care programme aims to provide social, emotional, moral and academic support to disadvantaged children by creating a rewarding and conducive environment for them to develop their self-worth and character, discover their unique potential, and strive for excellence. In doing so, it perpetuates YWCA’s endeavours to offer a more holistic approach to helping children from low-income families under the Meals-on-Wheels programme and those who are referred by schools.
The Kids’ Weekday Care focuses on the overall development of children through a broad range of activities such as tutoring, mentorship, enrichment, soft skills and life skills workshops, outings and group work. Service and value-based learning is emphasized, as well as work in alliance with parents. Casework and counselling will be available for children who require it.
The service runs every Tuesday, Wednesday and Thursday from 2pm to 6pm at the YWCA Kids’ Weekday Care room at Outram. The centre will be closed at 6.30pm and on school and public holidays.",https://www.sgsocialsupport.com/resource/u-ngjTKnjaz,No Content Found,Child must be a Singapore Citizen or Permanent Resident (PR) enrolled in a government school within the vicinity of Outram and meets the following criteria: Child is under MOE Financial Assistance Scheme (MOE FAS) Child is referred by family social worker/school teacher/ school counsellor/YWCA social worker Referral from Family Social Worker/School is not necessary but encouraged.,Please contact the organisation for more details.,Contact your nearest Family Service Centre/Social Service Centre to request for a social worker who will apply on your behalf. Download form from YWCA. Email csp@ywca.org.sg. Attach Form Attach All Necessary Documents Attach Valid Social Report,"Young Women's Christian Association + − Leaflet | OneMap © contributors | Singapore Land Authority 254 Outram Road 
S169051 6223 1227 csp@ywca.org.sg Website",https://www.sgsocialsupport.com/resource/u-ngjTKnjaz
Lakeside Family Services The GRIT Project,"The GRIT Project (TGP) is a Children and Youth Centre at Jurong West (Nanyang). It nurtures a caring generation to serve the community and addresses the needs of disadvantaged children and youths aged 5 to 18. Our staff and volunteers instil GRIT values in young people – Grace, Respect, Integrity, and Tenacity – all of which lead to grit! TGP provides a safe space for self-discovery and empowerment for young people so they can grow to be confident, competent, connected, caring, and of good character. 
The programmes include:

Structured Mentoring
The GRIT Academy (TGA) is a 6 to 9 month mentoring programme where youths from 13- to 17-years old undergo a journey of self-discovery through experiential activities supported by mentors and friends.
Mentoring via Skills Transfer
Interest-based Programmes (Cheerleading, Dance) &amp; Sports@TGP (Badminton, Futsal) engage children and youths from 11- to 14-years old. Amidst the vibes and exertion of these programmes, we weave in conversations about life and inculcate values.
Weekly Drop-ins
The GRIT Hub+ is a weekly drop-in programme for children 7- to 12-years old that grows academic interest, encourages discipline in study and play. We provide coaching and supervised playtime. The GRIT Hub is a weekly drop-in for youths 13- to 17-years old to have fun, make friends, and be meaningfully engaged. We journey with youths who are facing difficulties.
SPARKS
A school holiday programme for children, aged 7 to 12, promoting socioemotional and cognitive development, positive self-identity, and good values. We engage children with experiential learning activities.
School Social Work
School Social Work sessions help youths improve interpersonal skills. We engage them with experiential learning activities.",https://www.sgsocialsupport.com/resource/SfVEK7WsdTb,No Content Found,Please contact the organisation for more details.,Please contact the organisation for more details.,"If you or your child/ward are 18 years old and under, and would like to sign up for our programmes, send a completed registration form to thegritproject@lakeside.org.sg. Schools may refer students who would benefit from our programmes or services. Send a completed school referral form to thegritproject@lakeside.org.sg .","Lakeside Family Centre (Jurong East) + − Leaflet | OneMap © contributors | Singapore Land Authority Blk 302, Jurong East St 32, #01-22 
S600302 9.00am to 5.30pm (Monday to Friday) 6564 9722 lfsje@lakeside.org.sg Website Lakeside Family Centre (Jurong West) + − Leaflet | OneMap © contributors | Singapore Land Authority Blk 516, Jurong West St 52, #01-73 
S640516 9.00am to 5.30pm (Monday to Friday) 6567 1908 lfsjw@lakeside.org.sg Website",https://www.sgsocialsupport.com/resource/SfVEK7WsdTb
Little Libraries Singapore,"Little Libraries Singapore is a directory and updates of little libraries in Singapore. If you have started your own little free library feel free to create an album to share with us your little library here we would love to see, follow and hear of your journey! If you started or know of any little libraries around the island please add in the address and details on the list of directory (copy and paste the latest post of the running list of directory, add in yours and post it :)). If you love books and the community of books sharing lets share the joy of reading and books here!",https://www.sgsocialsupport.com/resource/QYfLcwmChWE,No Content Found,Please contact the organisation for more details.,Please contact the organisation for more details.,Please contact the organisation for more details.,"Little Libraries Singapore Level 39, 27 Ghim Moh Link Website",https://www.sgsocialsupport.com/resource/QYfLcwmChWE
Make a Wish Singapore,"Make-A-Wish Singapore is part of the world’s largest wish granting organisation and the only wish granting organisation of its kind in Singapore. It was born from the transformational effects of a wish on the wider community, where our founders pledged to ‘share the power of a wish’. The Singapore affiliate started our amazing journey in March 2002.
We believe wishes provide children the strength to look past their situations and limitations, assist families in overcoming their anxieties and have the potential to galvanise entire communities in creating hope, strength and joy for the children as well as their loved ones. Most importantly, we believe that wishes can improve a child’s quality of life, giving them a better chance of recovery.",https://www.sgsocialsupport.com/resource/xBYrUvWCDfc,No Content Found,"Who is eligible for a wish? Singaporeans, Permanent Residents, Dependent Pass Holders
Aged 3 – 18 years old
Diagnosed with a critical illness Critical illness include, but are not restricted to, childhood cancers, certain types of muscular dystrophy, certain neurological or genetic diseases, cardia disorder, renal failure and traumatic injuries. Click here to view the list of medical conditions that are within our Eligibility Criteria for a wish. If a child has been diagnosed with multiple conditions or has a condition that is not listed, the may still be eligible for a wish. If you’re supporting a child who is in need of a wish as soon as possible or you have any questions in regard to whether a condition qualifies for a wish, please contact our Wish team at +65 6334 9474 or by email to wish@makeawish.org.sg https://makeawish.org.sg/wishes#refer",Please contact the organisation for more details.,Please contact the organisation for more details.,"Make a Wish Singapore + − Leaflet | OneMap © contributors | Singapore Land Authority 1 Coleman Street, #04-18 The Adelphi 
S179803 6334 9474 info@makeawish.org.sg Website",https://www.sgsocialsupport.com/resource/xBYrUvWCDfc
Membina (THK FSC),"THK FSC@TP will be conducting group work to support children who have witnessed violence at home with play as its main form of engagement. We hope to build up the child's internal resources i.e., self-awareness, self-identity, and willpower to overcome current and future challenges.",https://www.sgsocialsupport.com/resource/gTYevSh857L,No Content Found,Children (7 to 12 years old) who have witnessed family violence.,"Value-added services: Meals provided, family outing",Please contact the organisation for more details.,"THK Family Service Centre + − Leaflet | OneMap © contributors | Singapore Land Authority 18 Jalan Membina #04-01 
S164018 6270 6711 mazlina@thkmc.org.sg Website",https://www.sgsocialsupport.com/resource/gTYevSh857L
New Life Youth Hub @ Fajar (New Life Community Services),"Set in the heart of Bukit Panjang, New Life Youth Hub @ Fajar is located within the community and for the community. Our heartbeat is to reach youths within and around Bukit Panjang. This centre features a fully equipped kitchen where we can impart culinary and baking skills while inculcating positive values in the youths.Our mentors also strive to grow this community through our outreach platforms such as conducting sports programmes at the nearby Fajar hardcourt.",https://www.sgsocialsupport.com/resource/Bz5vhm3uR7v,No Content Found,Please contact the organisation for more details.,Facilities Fully equipped kitchen Playstation 4 consoles Assorted board games Chill/hangout spots Catch-up space,Membership Fee $10 (full year) $5 (half year) Waived for students under FAS,"New Life Youth Hub @ Fajar (New Life Community Services) + − Leaflet | OneMap © contributors | Singapore Land Authority Blk 419 Fajar Road
#01-449 
S670419 6892 4419 fyh@newlife.org.sg Website",https://www.sgsocialsupport.com/resource/Bz5vhm3uR7v
New Life Youth Hub @ Woodlands (New Life Community Services),"Up north, New Life Youth Hub @ Woodlands has a spacious open concept for youths to feel comfortable whilst being engaged and mentored. With a kitchen to teach culinary &amp; baking skills, and guitars to impart music skills to youths in the community, we hope these avenues of interest serve as a therapy or for leisure.We have dedicated a space for studying so that youths who are looking for a suitable study space can focus on making academic progress.",https://www.sgsocialsupport.com/resource/XFyYXBPTwd6,No Content Found,,Facilities Fully Equipped Kitchen Playstation 4 Console Nintendo Switch Console Board Games Chilling / Hangout Spots Study & Counselling Rooms Foosball Table Pool Table,Membership Fee $10 (full year) $5 (half year) Waived for students under FAS,"New Life Youth Hub @ Woodlands (New Life Community Services) + − Leaflet | OneMap © contributors | Singapore Land Authority Blk 540 Woodlands Drive 16
#01-79  
S730540 6892 7119 wyh@newlife.org.sg Website",https://www.sgsocialsupport.com/resource/XFyYXBPTwd6
North East Growth Fund (North East CDC),"Every child deserves a healthy start in life. But for low-income families, meeting the nutritional needs and wellness of their little ones is a daily challenge. 
The North East Growth Fund was set up to provide formula milk and diapers to young children up to 6 years old. By defraying the costs of these essentials, the wellbeing and good health of our little ones are not compromised.",https://www.sgsocialsupport.com/resource/Ztz2ZDfsEpK,No Content Found,"North East District Resident
Singaporean / Singaporean PR with at least 1 Singaporean family member in the household
Per Capita Income (PCI) $1,000 & below","Growth Fund (Milk & Diapers) Age 0-5 months, up to $600 assistance (in form of vouchers) Age 6 months - 1 year, up to $500 assistance (in form of vouchers) Age 2-3 years, up to $400 assistance (in form of vouchers) Age 4-6 years, up to $300 assistance (in form of vouchers)",Email the completed Application Form and supporting documents to Northeast_CDC@pa.gov.sg ; OR Complete the Online Form and upload relevant supporting documents. You may submit additional documents to Northeast_CDC@pa.gov.sg .,North East CDC 6424 4000 Northeast_CDC@pa.gov.sg Website,https://www.sgsocialsupport.com/resource/Ztz2ZDfsEpK
NOVA Learning Intervention Programme - Morning Star,"The NOVA Learning Intervention Programme is a school-based programme that provides support to mainstream Primary 1 and 2 children with Social-Emotional Learning (SEL) difficulties, a service gap which was lacking in the community.
NOVA Learning Intervention Programme is an early intervention programme which adopts a preventive rather than a remedial approach.",https://www.sgsocialsupport.com/resource/NFgkVk3RxZZ,No Content Found,"Children are referred to NOVA by their school’s Form Teachers after they have been observed struggling with social-emotional issues due to stressful personal or family situations which they find hard to cope with or do not comprehend. As a result, these children are unable to adequately follow classroom teachings in school and exhibit weak social interaction skills such as: Low self-esteem and low self-confidence Difficulty managing anger Risk of adopting anti-social behaviours and becoming vulnerable to negative peer influence Risk of being the negative influencer (not just the victim)",Please contact the organisation for more details.,Please contact the organisation for more details.,"Montfort Junior School + − Leaflet | OneMap © contributors | Singapore Land Authority 52 Hougang Ave 8 
S538786 Morning Star Community Services nova@morningstar.org.sg Website St. Joseph’s Institution Junior + − Leaflet | OneMap © contributors | Singapore Land Authority 3 Essex Road 
S309331 St. Stephen’s School + − Leaflet | OneMap © contributors | Singapore Land Authority 20 Siglap View 
S455789 Valour Primary School + − Leaflet | OneMap © contributors | Singapore Land Authority 49 Punggol Central 
S828728",https://www.sgsocialsupport.com/resource/NFgkVk3RxZZ
Oasis (PPIS),"PPIS Oasis was established in 2017 and is the third Fostering Agency appointed by the Ministry of Social and Family Development (MSF).Fostering in Singapore can open the doors of equal opportunity for foster children. With the guidance and compassion given by their foster parents, these children will be able to grow in a safe and healthy environment. Fostering a child will also provide the support for the children to focus on achieving their dreams.PPIS offers fostering programmes in our child care centres islandwide. Through casework management, therapeutic and support services, the centre hopes to facilitate the fostering journey of both foster child and parents, and to reach out to more aspiring foster parents through recruitment efforts.PPIS Oasis is a fostering initiative that supports foster parents in their efforts to provide a safe and stable home environment for foster children through our therapeutic and support services. The centre facilitates the fostering journey by helping foster families develop a healing and healthy relationship with foster children – all while allowing these children to realise their potential and aspirations.",https://www.sgsocialsupport.com/resource/3V7e6LrFvps,No Content Found,"The fostering process in Singapore starts with the foster parents’ application through any of the accredited fostering agencies. Applicants need to be at least 25 years old, Singapore citizens or permanent residents, have attained at least Secondary School Education, and have a minimum household income of $2000 and per capita income of $700. Applicants will go through a series of interviews, and the process will take up to 3 months.",Please contact the organisation for more details.,Fill up form at https://ppis.sg/oasis.,"Oasis (PPIS) Monday – Friday: 9am – 5pm
Closed on Weekends 6022 5700 oasis@ppis.sg Website",https://www.sgsocialsupport.com/resource/3V7e6LrFvps
Play.Able - Be Kind SG,"Play.Able aims to make play accessible to children of all abilities.Our successful pilot project at Rainbow Centre, Margaret Drive, provided over 300 toys, resources, and interactive books for loan, fostering joyful and inclusive play experiences for over 60 families with children with special needs. While the pilot concluded in December 2023, we are actively seeking new opportunities to launch Play.Able in neighbourhoods with families with young children.Since March 2024, we piloted Play.Able at Queenstown Public Library, to make play more accessible for all children, especially those with special needs. Ultimately, we hope to foster a more inclusive society, both in terms of accessibility and societal attitudes towards children with special needs.",https://www.sgsocialsupport.com/resource/4nD66rzXMaR,No Content Found,Please contact the organisation for more details.,"Play.Able aims to: Support special needs families especially those new on the caregiving journey with curated educational materials and resources that align with their child's developmental milestones; Foster a safe, judgment-free space where children can connect and develop their social skills through engaging play opportunities with their peers; Support parents with community bonding events and informative workshops (for those on our membership); Provide employment opportunities within Play.Able for our parent community.","We offer additional support to families with children on the waiting list/enrolled in EIPIC programs or MOE special education schools (over 2 years old). Through our Play.Able membership, we connect families with fun events, outings and workshops that foster community and learning. Sign up for membership",Be Kind SG Website,https://www.sgsocialsupport.com/resource/4nD66rzXMaR
Pregnancy Crisis & Support (Catholic Family Life),"Pregnancy Crisis &amp; Support journeys with women who face an unplanned pregnancy, offers hope through the options and support available and lovingly accompanies them to walk out of this difficult period making the best decision for all the lives involved.",https://www.sgsocialsupport.com/resource/8-hEuzKLRKU,No Content Found,Please contact the organisation for more details.,Please contact the organisation for more details.,Please contact the organisation for more details.,"Pregnancy Crisis & Support + − Leaflet | OneMap © contributors | Singapore Land Authority 2 Highland Road #01-03
 
S549102 6339 9770 help@pregnancycrisis.sg Website",https://www.sgsocialsupport.com/resource/8-hEuzKLRKU
Project Get Flamed!,"While gaming is an avenue for many youths to relax and have fun, it's difficult to deny the normalisation of deep-rooted toxicity within the gaming community. The lack of moderation, combined with the anonymity feature, has brought about a rise in toxic behaviour such as poor conflict management, insensitive language towards others and blatant cyber-bullying amongst youths. 
Our project seeks to underline the chain of reactions it has amongst gamers and their circle of relationships, and empower youths to take the first step to build a more inclusive, positive gaming community.",https://www.sgsocialsupport.com/resource/ZjCqnHcfS7T,No Content Found,Please contact the organisation for more details.,Please contact the organisation for more details.,They can be contacted through form,Project Get Flamed! hello@projgetflamed.com Website,https://www.sgsocialsupport.com/resource/ZjCqnHcfS7T
Ramakrishna Mission Boys' Home,"The Ramakrishna Mission Boys’ Home came about as a result of the Second World War (1942). The war claimed hundreds of lives leaving children orphaned and homeless. It was at this juncture that the Swamis of the Ramakrishna Order gave refuge to these helpless children. This was the beginning of our Home to render assistance and guidance to children who had no one to turn to. The present building of Ramakrishna Mission Boys’ Home as we know it today was opened in 1950, with space and facilities to accommodate children who need love, guidance and care.",https://www.sgsocialsupport.com/resource/tV4hJuCzSF3,No Content Found,"Boys in the age group of 6 to 16 belonging to the following categories could be considered for admission to Ramakrishna Mission Boys’ Home: Boys without parents. Boys with single parent. Boys from dysfunctional families Boys whose parents / guardians are unable to provide basic care, adequate supervision and conducive living and study environment.",Please contact the organisation for more details.,"Children who are assessed by The Ministry of Social and Family Development (MSF) to require residential care will be referred to our Home for admission. Community cases that are referred by parents / guardians, relatives, schools and other VWOs (e.g. SINDA, FSCs, etc.) will be interviewed to assess their suitability for admission by our social worker.","Ramakrishna Mission Boys' Home + − Leaflet | OneMap © contributors | Singapore Land Authority Ramakrishna Mission Boys’ Home
179, Bartley Road 
S539784 6288 7324 6383 5761 superintendent@ramakrishna.org.sg Website",https://www.sgsocialsupport.com/resource/tV4hJuCzSF3
Reach for the Stars (Children's Wishing Well),"The social service sector has traditionally adopted a “helping” narrative, providing assistance to people who are deemed “needy”. As a natural consequence, people try to prove themselves as helpless as possible so as to qualify for assistance. Children’s Wishing Well is trying to turn this entrenched mind-set around with a new programme along an “empowering” narrative for we see people not as “what’s wrong”, but “what’s strong”.
One of our latest empowering programmes is “Reach for the Stars” where students from disadvantaged backgrounds who are keen and talented in areas such as music, arts and crafts and sports can be sponsored to pursue personalized training or qualifications to help them achieve their potential.
This programme serves as an incredible initiative for talent spotting and supporting our kids’ talents, so that they can develop a skill set to break out of their poverty cycle and scale greater heights. So far, we have sponsored children for art, hip hop dance, women’s rugby, and football under this programme.
Some students request for additional support through tuition or therapy and they are assisted through this programme as well to support their advancement.",https://www.sgsocialsupport.com/resource/bhEK3EezcrG,No Content Found,Please contact the organisation for more details.,Please contact the organisation for more details.,"Download the registration form below, complete it and email to us at info@wishingwell.org.sg together with the supporting documents. Registration Form",Children’s Wishing Well info@wishingwell.org.sg Website,https://www.sgsocialsupport.com/resource/bhEK3EezcrG
Safe & Strong Families - Reunification (Chen Su Lan Methodist Children's Home),"Safe and Strong Families (SSF) is a new pilot programme developed &amp; sponsored by the Ministry of Social &amp; Family Development (MSF) that seeks to strengthen family-based care and community support to ensure that more needy &amp; vulnerable children in Singapore can stay with or go back to their families (instead of going into foster care or a Children's Home)The SSF programme has two services: Safe &amp; Strong Families Preservation (SSF-P) and Safe and Strong Families Reunification (SSF-R) and it aims to help over 400 families and children between 2017 and 2019.Chen Su Lan Methodist Children's Home (CSLMCH) was appointed by MSF to run the pilot SSF-R service together with teams from Singapore Children's Society, Muhammadiyah Welfare Home, The Salvation Army and Boy's Town.The 5 man SSF-R team at CSLMCH started operations in February 2017. Their mission is to reunify children who are currently living in Children's Homes or foster care back into their families in a safe, quick and sustainable way.The selected children (0 - 21 years old) come from all over Singapore and are referred to us by MSF. The team then has 12 months to reunify these children back into their families. The team members visit the selected families in their homes at least twice a week (depending on their needs) and the reunification work is divided into 2 phases:&nbsp;Preparation Phase&nbsp;-&nbsp; During the first 4 - 6 months (when the child is still in a Children's Home or foster care) the SSF-R team works to build a safety network (to ensure the child will be safe) and activate community agencies and resources to help the child's family solve the issues which are preventing the child from going back home (e.g. housing, unemployment, immigration issues, health problems etc).&nbsp;Stabilisation Phase -&nbsp; After the child has been discharged from the Children's Home or foster care and reunified with their family, the SSF-R team will then work for the remaining time period to monitor the well being of the child; improve the family functioning (by providing training in parenting skills &amp; communication); and ensure continued support from community agencies and resources so that the reunification is safe, successful &amp; permanent.",https://www.sgsocialsupport.com/resource/7BDUu6uSW3Q,No Content Found,Please contact the organisation for more details.,Please contact the organisation for more details.,Please contact the organisation for more details.,"Chen Su Lan Methodist Children's Home + − Leaflet | OneMap © contributors | Singapore Land Authority 202 Serangoon Garden Way 
S556057 6713 9150 info@cslmch.org.sg Website",https://www.sgsocialsupport.com/resource/7BDUu6uSW3Q
Safe Place (Lakeside Family Services),"Safe Place empowers women and families with unsupported pregnancies to make life-giving choices. We serve all mothers regardless of marital status, age, income level, race, and religion.
We help women accomplish the following:

Take personal responsibility &amp; ownership of their lives and situations
Get relevant information &amp; resources needed to make the best choices for themselves and their child
View parenthood &amp; their future through the eyes of hope

Safe Place provides case management, counselling, pre- and post-natal equipping, referrals, community networks and help with temporary accommodation.
We also run the Baby Safe scheme, which provides eligible mothers with these baby essentials for a minimum of 1 year: Diapers, feeding necessities, clothes, breast bumps, baby carriers, strollers.",https://www.sgsocialsupport.com/resource/BybFhB6AfvJ,No Content Found,Please contact the organisation for more details.,Please contact the organisation for more details.,Please contact the organisation for more details.,"Safeplace + − Leaflet | OneMap © contributors | Singapore Land Authority 21 Yung Ho Road #03-01, The Agape 
S618593 6817 4202 safeplace@lakeside.org.sg Website",https://www.sgsocialsupport.com/resource/BybFhB6AfvJ
School Support (iC2 Prephouse),"Where possible, we try to work for the inclusion of children with visual impairments in mainstream schools. Being a low incidence disability, your child or student may be the only person with a visual impairment in the school, and resources and knowledgeable personnel may not be available. In addition, each visual condition has its own unique manifestation and implication such that even if two children have been diagnosed with a similar condition, their experiences and level of needs may differ greatly.
To ensure that the child reaps maximum benefits from the inclusion process, it is crucial that the right level of support is provided for the child, meeting the individual and unique needs of the child concerned.
iC2 PrepHouse is able to work with schools and other service providers by making available the resources and expertise in promoting inclusion; through

Providing specialist assessment (Functional, Learning Media, and Orientation and Mobility Assessments) to determine the needs of each child.
Advise teachers and staff of the needs of the child, and the provisions required to ensure inclusion.
Awareness talks to school staff and/or students about visual impairments.
Working with the schools and examination board to ensure equitable and appropriate accommodations and provisions are given during school and national exams.",https://www.sgsocialsupport.com/resource/pdL-tVXJURm,No Content Found,Please contact the organisation for more details.,Please contact the organisation for more details.,Please contact the organisation for more details.,"iC2 Prephouse + − Leaflet | OneMap © contributors | Singapore Land Authority iC2 PrepHouse Limited
1 Jurong West Central 2, #04-02
Jurong Point Shopping Centre 
S648886 Monday to Friday : 10am – 6pm
Saturday : 10am – 2pm
Closed on Sunday & Public Holiday 6790 1802 info@ic2.com.sg Website",https://www.sgsocialsupport.com/resource/pdL-tVXJURm
SG Tech Tertiary,"SG Tech Tertiary is about to let youth (16-35) who are highly passionate about the technology industry to learn and network with professionals through events such as free workshops, talks and seminars.",https://www.sgsocialsupport.com/resource/gnQ34yRfAfC,No Content Found,Anyone who are interested in Technology 16 - 35 years old!,"A lot of events such as fintech, programming workshops, talks, research, AI and many others!",Click on the link to join the telegram group: https://t.me/sgtechtertiaryspace,Josef Tan 8845 4281 8821 0096 sgtertiarytechspace@gmail.com,https://www.sgsocialsupport.com/resource/gnQ34yRfAfC
Smart Guppy,"Smart Guppy offers free quality notes, worksheets and exam papers from passionate sharers.
OUR VISION
A world where education is a human right.
Where every student can have access to any and every resource anytime, anywhere.
A platform where a genuine connection is forged between individuals for the common good of our society.
We strongly believe in the ability of people to rise above their self-interests, to help build a community of kind-hearted sharers in times of need.
OUR MISSION 
In the ultra-competitive education landscape of Singapore where education costs are always increasing and the tuition industry is worth more than a billion dollars, SmartGuppy seeks to end educational inequality which is especially exacerbated in this time of COVID-19.",https://www.sgsocialsupport.com/resource/X9G57C4XjEu,No Content Found,Please contact the organisation for more details.,Please contact the organisation for more details.,They can be contacted through form at https://www.smartguppy.com/contact/,"Smart Guppy + − Leaflet | OneMap © contributors | Singapore Land Authority Golden Mile Complex, 5001 Beach Road #04-12 
S199588 Website",https://www.sgsocialsupport.com/resource/X9G57C4XjEu
Special Needs Student Care Centre (Presbyterian Community Services),"Student Care Centre @ GOS is a before and after school school-based student care centre, catering to school-going children with special needs aged 7 to 18 years old.Our student care programme has a strong commitment to the whole child and seeks to foster each child’s intellectual, physical, emotional and social well-being within a stimulating and safe environment.Download Brochure",https://www.sgsocialsupport.com/resource/J4KsBvKbHyp,No Content Found,Please contact the organisation for more details.,Please contact the organisation for more details.,Please contact the organisation for more details.,"Kelly Pai + − Leaflet | OneMap © contributors | Singapore Land Authority 170 West Coast Road 
S127433 8458 6979 pcssscc@pcs.org.sg Website",https://www.sgsocialsupport.com/resource/J4KsBvKbHyp
Steady Readers Programme (New Life Community Services),"Since 2006, Steady Readers Programme (SR) is an intervention programme for children who are reading below their academic level.Through the teaching of phonics using Jolly Phonics and the Fitzroy Method, one of our goals is to help the children build a strong foundation in literacy skills and the English language. To develop their interest in reading and learning, children are introduced to stories from the Oxford Reading Tree series and other interesting readers. In addition, excursions and learning journeys are organised to enrich their experiences.Besides literacy and comprehension skills, SR also aims to build children’s confidence in reading, speaking and presenting. With increased literacy skill and confidence level, it is our hope that the children will be able to excel and become champions in life.",https://www.sgsocialsupport.com/resource/fAf2w-SCDyV,No Content Found,Please contact the organisation for more details.,"DURATION 2 semesters per year (Jan – May & Jul – Nov) 14 lessons per semester Mon at Bukit Panjang, 8pm-9.30pm Mon at Fengshan, 7.45pm-9pm Tue at Woodlands (Hub), 8pm-9.30pm Wed at Teck Whye & Admiralty, 7.45pm-9pm Thu at Woodlands (SCC), 8pm-9.30pm PRE-ASSESSMENT Students will have to go through a pre-assessment to determine if they are suitable for the programme AGE GROUP K2 to P4 FEE $40 (non-refundable) GROUP SIZE 2 students per group with 1 to 2 volunteer mentor(s) per group LOCATIONS Bukit Panjang 419 Fajar Road Singapore 670419 Teck Whye SCC Blk 6 Teck Whye Ave #01-110 Singapore 680006 Woodlands Hub 540 Woodlands Drive 16 Singapore 730540 Woodlands SCC 90 Woodlands Drive 16 Level 4 Singapore 737878 Fengshan CC 20 Bedok North Street 2 (Level 4, Seminar Room 2) Singapore S469644 Admiralty Location TBC",Please contact the organisation for more details.,"Steady Readers Programme (New Life Community Services) + − Leaflet | OneMap © contributors | Singapore Land Authority Woods Square Tower 2
6 Woodlands Square, #03-01 
S737737 6892 7191 email@newlife.org.sg Website",https://www.sgsocialsupport.com/resource/fAf2w-SCDyV
Strings For Kindness,"Strings for Kindness is a ground-up movement of the Singapore Kindness Movement. It is an ensemble of young string players who love to bring kindness to people, through music.",https://www.sgsocialsupport.com/resource/YJ8gCX3m96X,No Content Found,Please contact the organisation for more details.,Please contact the organisation for more details.,Please contact the organisation for more details.,"Strings For Kindness + − Leaflet | OneMap © contributors | Singapore Land Authority Shunfu Road, Singapore, Singapore, 570301 
S570301 stringsforkindness@gmail.com Website",https://www.sgsocialsupport.com/resource/YJ8gCX3m96X
Study Support Scheme ( Transbefrienders ),"Transbefrienders is a registered non-profit organisation providing appropriate information and emotional support to guide transgender youths in their transitioning journey. We also act as an intermediary support for folks going through the healthcare system in Singapore to manage suicidal ideation and prevent suicide attempts.The Study Support Scheme by Transbefrienders is for transgender and gender non-conforming students who are lacking support in schools. A safe space, free of prejudice and discrimination, is essential in a student's learning process. Therefore, Transbefrienders is offering a face-to-face mentorship programme for transgender and gender-diverse students who are taking GCE N, O &amp; A levels.Our Student FeesAll students - S$50 nett per yearTransgender students above 21 years old - S$30 nett per year.Transgender students below 21 years old - Free.",https://www.sgsocialsupport.com/resource/QVhHMHLNR9z,No Content Found,All students are able to apply.,Support scheme includes: 1. Textbooks and calculators on loan 2. Face to face mentorship with certified and experienced educators 3. Safe space for studying 4. Individualised learning plans for every student 5. 100% subsidised GCE exam fees,Please submit your application here: https://forms.monday.com/forms/ee7c3b1eaf7d097247f539780c04775f?r=apse2,"Transbefrienders (Alicia Community Centre) + − Leaflet | OneMap © contributors | Singapore Land Authority 7 Race Course Ln 
S218734 befriend@transbefrienders.com Website",https://www.sgsocialsupport.com/resource/QVhHMHLNR9z
Support for Unplanned Pregnancies Resource Facilitation [SUPeRF](aLife),"aLife’s Resource Facilitators (RFs) are seasoned para-counsellors who attend to referrals that come from aLife's hotline and polyclinics nationwide. The RFs provide a listening ear to women facing pregnancy crises. They equip clients with information surrounding pregnancies and types of resources available to the women to help them make informed choices they are comfortable with. aLife connects clients to resources if the need arises.
Hopefully, this negates any uncertainties that their clients may have regarding their pregnancies, providing them with a smoother transition to their life’s next phase.",https://www.sgsocialsupport.com/resource/v8LYzhhtvh4,No Content Found,Please contact the organisation for more details.,Please contact the organisation for more details.,Please contact the organisation for more details.,"aLife + − Leaflet | OneMap © contributors | Singapore Land Authority 308 Shunfu Rd, #01-165 
S570308 9183 4483 contact@alife.org.sg Website",https://www.sgsocialsupport.com/resource/v8LYzhhtvh4
Transport Subsidy (Children's Wishing Well),"It is a programme that provides bus concession pass at zero cost to students who live more than 1.5km away from school, and with a monthly Per Capita Income of less than $300. This is to ensure that students are not missing school due to transport issues or inability to pay for transport.
GENERAL TERMS AND CONDITIONS:

Each child will receive a monthly bus concession pass for the school year.
The bus concession pass is provided for the length of the school year and is subject to renewal at the end of this period. Students must maintain 80% attendance in school and at Children’s Wishing Well (CWW), and submit their report books quarterly for verification. CWW reserves the right to terminate the subsidy at its sole discretion without prior notice. 
Students will need to re-apply for the subsidy after the school year ends.",https://www.sgsocialsupport.com/resource/enwZrh4jYqc,No Content Found,Please contact the organisation for more details.,Please contact the organisation for more details.,"Download the registration form below, complete it and email to us at info@wishingwell.org.sg together with the supporting documents. Registration Form","Children's Wishing Well + − Leaflet | OneMap © contributors | Singapore Land Authority Blk 365 Clementi Ave 2 #01-502 
S120365 6777 0041 info@wishingwell.org.sg Website",https://www.sgsocialsupport.com/resource/enwZrh4jYqc
Workz-on-Wheels - YWCA,"Supporting Children and Youths through Life-giving Workshops
WoW provides outreach to disadvantaged children and at-risk youths from age 5 to 19 by equipping them with essential life skills to manage their own cognitive and socio-emotional needs for life adjustments.
WoW works closely with community and institutional partners to tailor life-giving educational workshops and curricula that fit the target audience’s needs. These workshops are primarily focused on developing emotional health and addressing the socioemotional needs of children and youths.
After each session, a feedback system and open communication channels help ensure the programme’s effectiveness and allow facilitators to update partners about each child and youth’s progress. Such a communication process is also helpful in identifying alarming issues such as abuse or self-harm.",https://www.sgsocialsupport.com/resource/Q6EnYsTseb8,No Content Found,Please contact the organisation for more details.,Please contact the organisation for more details.,Please contact the organisation for more details.,"Workz-on-Wheels - YWCA + − Leaflet | OneMap © contributors | Singapore Land Authority 254 Outram Road 
S169051 6223 1227 csp@ywca.org.sg Website",https://www.sgsocialsupport.com/resource/Q6EnYsTseb8
Youth Centre (Presbyterian Community Services),"Providence Care Centre (PCC) is a youth centre that was launched in collaboration with Providence Care Ltd (PCL) to provide appropriate support for primary and secondary students from low-income families. It does so by offering academic tuition, music and enrichment classes, and empowering youths (including youths with special needs) to cope better, build self-esteem, and succeed in daily learning and living.Main Programmes1 Tuition and enrichment classes2Educator Aide Training (ECAT) programme3 Youth Outreach ProgrammeThe Youth Outreach Programme, a collaboration with Youth Guidance Outreach Services (YGOS), brings care services to the doorstep of youth-at-risk.&nbsp;",https://www.sgsocialsupport.com/resource/WajPEc3wmdT,No Content Found,Please contact the organisation for more details.,Please contact the organisation for more details.,Please contact the organisation for more details.,"Peter Quek + − Leaflet | OneMap © contributors | Singapore Land Authority Blk 341 Jurong East Ave 1 #01-1518 
S600304 6258 1590 peterquek@pcl.org.sg Website",https://www.sgsocialsupport.com/resource/WajPEc3wmdT
Youth Counselling,"AMP offers referrals and counselling for youths by providing a safe and friendly environment for them as well as their parents to discuss issues of concern.AMP provides:Counselling for youths to better understand their emotions so that they can learn healthy ways to cope with stress, improve their self-esteem, build strong relationships, and pursue their future goalsA safe and non-judgmental space for youths to talk about what their feelings and develop ways to improve their well-being",https://www.sgsocialsupport.com/resource/NCb9pbfhP6v,No Content Found,,Please contact the organisation for more details.,Youths or parents of youths who require any youth counselling can contact us via the following: Call 6416 3990 or 9726 7655 Email youth@amp.org.sg,"AMP Singapore + − Leaflet | OneMap © contributors | Singapore Land Authority 1 Pasir Ris Drive 4 #05-11 
S519457 Mon to Fri – 9.00 am to 6.00 pm
Closed on Saturdays, Sundays and Public Holidays 6416 3990 9726 7655 youth@amp.org.sg Website",https://www.sgsocialsupport.com/resource/NCb9pbfhP6v