Name;Description;Link;Full Content;Who can apply;What to expect;How to apply;Contact;Source URL
Advocates for Refugees Singapore;"We are a groundup movement based in Singapore focused on bringing about greater awareness on the issues of refugees and forced migration in the region and beyond. We feel strongly that Singapore  like many other countries  has a crucial role to play as part of the international community in responsibilitysharing when responding to the effects and consequences of global displacement.
As of September 2018 we are a member organization of the Asia Pacific Refugee Rights Network APRRN.
We were inducted to Singapore Kindness Movements Ground Up Movements GUM and became a member of Groundup Central under the National Volunteer and Philanthropy Centre NVPC in June 2021.";httpswww.sgsocialsupport.comresourcefJGswcv4j45;No Content Found;Please contact the organisation for more details.;Please contact the organisation for more details.;Please contact the organisation for more details.;Advocates for Refugees Singapore Website;httpswww.sgsocialsupport.comresourcefJGswcv4j45
Ambulance Wish Singapore;We are a charity supporting terminally ill patients through the simple but deeply meaningful act of wish granting. We believe every patient deserves the opportunity to have their wishes fulfilled regardless of patient diagnosis and background.;httpswww.sgsocialsupport.comresourceeCMs2LCau5;No Content Found;Who is eligible for a wish Anyone aged 19 and above who has  12 months prognosis. This includes people whose death is imminent expected within a few hours or days and those with  Endstage conditions for example organ failure and latestage cancer  General frailty and coexisting conditions that mean they are expected to die within 12 months  Conditions that put them at risk of dying from a sudden acute crisis  Lifethreatening acute conditions caused by sudden catastrophic events Is Singaporean or Permanent Resident Has not received a wish from another organisation Patient who may be eligible to receive a wish can be referred by Medical professionals e.g. doctor nurse allied health professional medical social worker Potential wish recipient Family members with detailed knowledge of patients current condition;Please contact the organisation for more details.;Please contact the organisation for more details.;Ambulance Wish Singapore contact@ambulancewishsingapore.com Website;httpswww.sgsocialsupport.comresourceeCMs2LCau5
Arts For Good Fellowship Singapore International Foundation;The Fellowship brings together individuals from diverse sectors including artists art administrators and social sector professionals on an exciting journey of change. Upon completion of the programme Fellows join a global alumni network where they continue to connect support and collaborate with one another.;httpswww.sgsocialsupport.comresourcebWbrVpDfhy;No Content Found;Individuals including artists art administrators and social sector professionals;Capacity Building Develop skills and knowledge to harness the power of arts and culture to create positive social change in the communities you work with. Multisectoral Exchanges Engage with leaders from diverse sectors such as artists arts administrators and social sector professionals. International Connections Join our international network to connect and explore collaborations with other Fellows.;Register your interest via the website  httpswww.sif.org.sgOurWorkCulturalExchangeArtsforGoodFellowship . For enquiries please contact at artsforgood@sif.org.sg .;Singapore International Foundation Opening hours 9am to 6pm Monday to Friday artsforgood@sif.org.sg Website;httpswww.sgsocialsupport.comresourcebWbrVpDfhy
ASEAN Youth Fellowship Singapore International Foundation and National Youth Council;The ASEAN Youth Fellowship AYF is a leadership development programme that aims to grow and connect emerging young leaders with a focus on public private people sector collaboration.;httpswww.sgsocialsupport.comresourceqNURQrJtQmU;No Content Found;Individuals;The AYF aims to provide leadership development and build a strong network among upandcoming leaders while exposing them to further opportunities in the region and enhancing social innovation in ASEAN. During the programme participants have the opportunity to engage in dialogue with senior policymakers and thought leaders as well as participate in exclusive institutional visits and learning journeys to key facilities and organisations in Singapore and the region. Upon completion of the programme ASEAN Youth Fellows are committed to Forge stronger ties and closer partnerships among the Fellows Expand and strengthen the connectivity among the youth of ASEAN Enhance youth development Endeavour towards greater social impact;Register your interest via the webiste  httpswww.sif.org.sgOurWorkCulturalExchangeASEANYouthFellowship . For enquiries please contact at ayf@nyc.sg .;"Singapore International Foundation   Leaflet  OneMap  contributors  Singapore Land Authority The Atrium@Orchard
 International Involvement Hub
 60A Orchard Road
 0401 Tower 1 
S238890 ayf@nyc.sg Website";httpswww.sgsocialsupport.comresourceqNURQrJtQmU
Budding Greenies @ North West North West CDC;"Budding Greenies @ North West was officially launched in 2020 and aims to support preschool centres in creating a Green Learning corner to educate preschoolers on environmental conservation and good eco habits via storytelling and play activities.  
In 2021 North West CDC developed and published a homebased version of Go Green with Betty the Butterfly activity book and a parents guidebook ensuring that sustainability education continues at home and is unaffected by school closures due to Covid19.
Preschools who are on board the programme will receive the following resources and financial support to ensure environmental education starts young to nurture a generation of ecoconscious students  

Up to 800 funding per financial year
A Teachers Guide to creating Green Corners and activities within the preschools
Go Green with Betty the Butterfly activity book for lessons
Homebased activity book and parents guidebook";httpswww.sgsocialsupport.comresource44YUwWVZAE;No Content Found;Preschools can apply for this programme on an annual basis. Applications open annually from 1 April and approved projects must be completed by end March of the following year.;Please contact the organisation for more details.;Please contact the organisation for more details.;North West CDC 6248 5566 northwestcdc@pa.gov.sg Website;httpswww.sgsocialsupport.comresource44YUwWVZAE
CORDY;CORDY is an online platform that helps youths discover and develop their passions. They share a wide variety of eventsresources such as workshops competitions and grants to help youths gain meaningful experiences to explore their interests or to further their pursuits.;httpswww.sgsocialsupport.comresourceUtDH5scRB5d;No Content Found;Please contact the organisation for more details.;Please contact the organisation for more details.;Please contact the organisation for more details.;CORDY Website;httpswww.sgsocialsupport.comresourceUtDH5scRB5d
Cruelty Welfare Investigations SPCA;SPCA Singapore receives an average of 80 to 90 reports of alleged cruelty to animals every month. As we do not have enforcement powers under the Animals amp Birds Act serious cases that warrant further action are referred to the Animal amp Veterinary Service AVS or the police.We have a reward policy in place for cases of extreme abuse when there is a need to look for witnesses. The monetary reward for providing information was put in place in hopes of leading to the apprehension and prosecution of the perpetrators.If you witness any acts of abuse or require immediate assistance please refer to the hotlines below SPCA 247 hotline 6287 5355 Ext. 9. AVS 247 hotline 18004761600 ACRES 247 hotline 9783 7782 for wildlife birds and terrapin rescues Police 247 hotline 999;httpswww.sgsocialsupport.comresourceGjYtht2gnGq;No Content Found;Please contact the organisation for more details.;Please contact the organisation for more details.;Please contact the organisation for more details.;Cruelty Welfare Investigations SPCA Website;httpswww.sgsocialsupport.comresourceGjYtht2gnGq
Email Counselling Oogachaga;The service is known as CARE email counselling and started in 2010. Like the Whatsapp counselling service it is run by trained volunteers with supervision.The service is for those who prefer to express themselves in writing and we aim to respond within 2 to 3 days of receiving your email.Please read the Disclaimer and Agreement before you proceed. By using this email counselling service it means that you have read understood and accepted every clause.All staff members and volunteers are expected to abide by the Oogachaga Code of Ethics.;httpswww.sgsocialsupport.comresourceAwSVMeSz2w;No Content Found;Please contact the organisation for more details.;Please contact the organisation for more details.;httpsoogachaga.comemailcounselling;"Oogachaga   Leaflet  OneMap  contributors  Singapore Land Authority 57B Pagoda Street 
S059216 CARE@oogachaga.com Website";httpswww.sgsocialsupport.comresourceAwSVMeSz2w
Green Spaces @ South West South West CDC;"Growing an inclusive caring and active community by transforming community gardens into green spaces in our district. These pockets of greenery dot the community and neighbourhood helping to cool our environment enhance our health and nurture an appreciation for nature among the young. Through this Green Spaces @ South West we also hope to encourage our residents to adopt a clean and green lifestyle and to take responsibility for their living environment.
If you are keen to seek funding support for your green spaces please see the following 
A onetime seed funding for gardening groups as follows

3000 per GRO
1000 per school or SSA
500 per NC
1500 for Garden Expansion Fund expansion projects must be at least half the plot size of the existing garden andor 50 more plant species.

Garden Activity Grant activity fund of 500 will be provided for Gardening Groups for the organisation of South West District tours and activities for the community for at least 30 pax for each session. Activities should be related to greening and gardening and benefit the community.
Therapeutic Horticulture Nodes @ South West a grant of 250 will be provided to gardening groups under this programme to help in material costs for the therapeutic sessions catering to 10  15 pax. 
AdoptAGarden @ South West corporations and organisations can adopt gardens by sponsoring a part of the community gardens expenses or donating furniture and tools. They can also volunteer and help out at the community gardens on a regular basis deepening engagement with residents and fostering community bonds. The CDC will assist to do the matching of community gardens.";httpswww.sgsocialsupport.comresourceX2DM8FnPB7h;No Content Found;Please contact the organisation for more details.;Please contact the organisation for more details.;Please contact the organisation for more details.;South West CDC 6316 1616 southwestcdc@pa.gov.sg Website;httpswww.sgsocialsupport.comresourceX2DM8FnPB7h
Lakeside Integrated Service Provider Programmes;"Lakeside was appointed by the Ministry of Social and Family Development to run Integrated Service Provider ISP programmes. Through case management counselling and groupwork youth offenders and youthsatrisk learn from their mistakes and gain awareness knowledge and life skills needed to avoid getting into similar risky situations in the future. Our programmes and services include

Guidance Programme GP is a 6 to 12month programme for youths who have committed minor offences or have low levels of involvement in offences. We help youths make the right choices to lead a crimefree lifestyle and recognise offenses as criminal acts. We teach youths prosocial ways of solving problems and conflicts assist them in being meaningfully engaged with school or work and support them in forming healthy relationships.
Streetwise Programme SWP is a 6month programme for youths who associate with gangs. We help youths dissociate from gangs and improve their family relationships. We equip youths with life skills like emotional amp conflict management and awareness of their actions. We also equip parents with parenting skills.
As part of Triage we assist police in investigations by conducting interviews with young offenders. Our goal is to divert young offenders from the criminal justice system. We refer families with social or financial issues to community resources and recommend appropriate intervention that addresses the needs of young offenders.
Enhanced StepUp ESU is a 12month programme for students at risk of dropping out and outofschool youths. We help youths return to school or find employment.
We provide family intervention career guidance life skills training and financial assistance referrals.
Post Care is our programme following up with youths who have completed ISP programmes. Our aim is to help them maintain the good progress they have made. We provide emotional support and advice for youths introduce them to community activities and career guidance and provide referrals to other agencies for counselling and vocational programmes.";httpswww.sgsocialsupport.comresourceJSjwFDsFUD;No Content Found;Please contact the organisation for more details.;Please contact the organisation for more details.;"Contact
Email isp@lakeside.org.sg
Phone 6567 1908";"Lakeside Family Centre   Leaflet  OneMap  contributors  Singapore Land Authority 516 Jurong West St 52 0173 
S640516 9.00am to 5.30pm Monday to Friday 6567 1908 isp@lakeside.org.sg Website";httpswww.sgsocialsupport.comresourceJSjwFDsFUD
Love Kuching Project;We are a communitybased cat rescue group in Singapore that stands for loving the cats in our lives.;httpswww.sgsocialsupport.comresourcey9LYYmUnnT7;No Content Found;Please contact the organisation for more details.;Please contact the organisation for more details.;Please contact the organisation for more details.;Love Kuching Project fundraising.lovekuchingproject@gmail.com Website;httpswww.sgsocialsupport.comresourcey9LYYmUnnT7
Mercy Relief;"Headquartered in Singapore Mercy Relief was established in 2003 to respond to human tragedies and disasters in Asia Pacific.

Today we are Singapores leading independent disaster relief agency with dedicated leadership capacity building expertise and an affiliate network operating across the entire disaster management cycle.

Mercy Relief provides emergency aid within 72 hours of an appeal in the aftermath of a disaster. Our longerterm sustainable development programmes aim to uplift and empower communities in five key areas water and sanitation shelter sustainable livelihoods healthcare and education.

For the past 20 years Mercy Relief has responded to more than 95 disasters with more than 46.1 million disbursed for relief missions and postdisaster projects across 28 countries. We have implemented more than 76 postdisaster projects and impacted over 2.7 million lives.";httpswww.sgsocialsupport.comresourceNFxaDwgMC9y;No Content Found;Please contact the organisation for more details.;Please contact the organisation for more details.;Please contact the organisation for more details.;"Mercy Relief   Leaflet  OneMap  contributors  Singapore Land Authority 160 Lorong 1 Toa Payoh 011568 
S310160 6332 6320 intouch@mercyrelief.org Website";httpswww.sgsocialsupport.comresourceNFxaDwgMC9y
PhilanthropreneurinResidence PIR Quantedge Foundation;Incubates social sector champions and helps them develop and scale up their best ideas. Beyond funding residents will also receive holistic endtoend support including strategy development networking opportunities capacity building and executive support.;httpswww.sgsocialsupport.comresource5UeTEUAru2J;No Content Found;Individuals;The PIR programme seeks to distinguish from traditional grantmaking by supporting exceptional individuals to incubate ideas to improve social mobility in Singapore and create impact at scale.  It does so by providing a residency that offers endtoend support including but not limited to funding strategy development networking capacity building and executive support from the Foundations staff who will journey alongside each PIR to drive project development and bring ideas from conceptualisation to fruition sustainability and scale.;Please refer to the site  httpswww.quantedge.orgphilanthropreneurinresidence.html  for more information;Quantedge Foundation Website;httpswww.sgsocialsupport.comresource5UeTEUAru2J
Project X;Project X is the only nonprofit organisation in Singapore that provides social emotional and health services to people in the sex industry.;httpswww.sgsocialsupport.comresourcerz3RY4hrz8n;No Content Found;Sex workers;Project X provides services such as social support legal knowledge and sexual health screening for sex workers. Project X will provide support and advice on a case by case basis.;Call their contact line at 65 9060 9906 Contact their Telegram handle at @projectxsg Email them at hello@theprojectx.org Fill in their contact form at httpstheprojectx.orggethelp;"Project X   Leaflet  OneMap  contributors  Singapore Land Authority 155 Kitchener Rd 
S208528 Mon  Fri 1.00pm  9.00pm 9060 9906 hello@theprojectx.org Website";httpswww.sgsocialsupport.comresourcerz3RY4hrz8n
Ronald McDonald Family Room at IMH Ronald McDonald House Charities;;httpswww.sgsocialsupport.comresourceQ2CpMcRztKF;No Content Found;Please contact the organisation for more details.;Please contact the organisation for more details.;Please contact the organisation for more details.;"Ronald McDonald Family Room at IMH Ronald McDonald House Charities   Leaflet  OneMap  contributors  Singapore Land Authority Buangkok Green Medical Park 10 Buangkok View
Block 3 Basement Sunrise Ward and Child Guidance Clini 
S539747 6778 1934 contact@rmhc.sg Website";httpswww.sgsocialsupport.comresourceQ2CpMcRztKF
Ronald McDonald House @ NUH Ronald McDonald House Charities;"Established and opened in January 2013 our Ronald McDonald House programme provides a place of respite for families allowing them to be close to their hospitalised child at no cost.
Many families travel far from home to get treatment for their seriously ill children. Often it can be a long time away from home and family. For children facing a serious medical crisis nothing seems scarier than not having their mom and dad close by for love and support. The Ronald McDonald House allows families to be steps away while their children are receiving treatment at NUH. Situated near the Paediatric Intensive Care Unit the RMH is approximately 126 square meters of space. It has four ensuite bedrooms a reading room living room dining room laundry area and kitchenette.
Our Ronald McDonald House is staffed 24 hours seven days a week and offers a place to call home at no cost so families can afford the best care for their children.
In order to continue caring for their sick children caregivers need to prioritise their wellbeing and keep themselves healthy and nothing beats a hearty meal after a long day of caregiving. For the convenience of our families we now also provide readytoeat meals twice a week.
The 4bedroom House has been able to serve over 930 families or over 11000 room nights.";httpswww.sgsocialsupport.comresourceqfWe9SEfTUT;No Content Found;Please contact the organisation for more details.;Please contact the organisation for more details.;Please contact the organisation for more details.;"Ronald McDonald House Charities   Leaflet  OneMap  contributors  Singapore Land Authority 5 Lower Kent Ridge Road
National University Hospital Main Building Level 4 
S119074 6778 1934 contact@rmhc.sg Website";httpswww.sgsocialsupport.comresourceqfWe9SEfTUT
SANA StepUp Centre;"The setting up of the SANA StepUp Centre where recovering persons and their family members can drop by for assistance was mooted in 2015 following the findings of the Taskforce on Drugs led by the Ministry of Home Affairs.
The first centre at Sengkang began operations in 2015 and the second at Taman Jurong opened its doors in 2019. In 2021 SANA opened the third centre at Woodlands.
The three centres  StepUp @Sengkang StepUp @Taman Jurong and StepUp @Northwest  enable recovering persons to intentionally step up to the challenges faced in their recovery and reintegration in a positive and supportive environment.
The StepUp Centre is a walkin facility that helps the recovery of clients from drug addiction by strengthening their social support networks. It is open to families of recovering individuals their families and anyone seeking help.
All walkin clients go through an intake assessment by our counsellors and are offered counselling.
Key Services Offered
Counselling
Support Groups 
Starter Pack
Financial Assistance
Family Engagement
Tattoo Removal StepUp @ Sengkang
Job Assistance
Referral to Agencies";httpswww.sgsocialsupport.comresourcemgWCX9ca9g;No Content Found;Please contact the organisation for more details.;Please contact the organisation for more details.;Please contact the organisation for more details.;"STEPUP CENTRE@NORTHWEST   Leaflet  OneMap  contributors  Singapore Land Authority ACE The Place Community Club
120 Woodlands Avenue 1 
S739069 Closed for renovation until further notice. 8666 6076 stepup.nw@sana.org.sg Website STEPUP CENTRE@SENGKANG   Leaflet  OneMap  contributors  Singapore Land Authority 2 Sengkang Square
Sengkang Community Hub
0501 
S545025 Monday 9.00am  6.00pm
Tuesday 9.00am  6.00pm
Wednesday 9.00am  6.00pm
Thursday 9.00am  9.00pm
Friday 9.00am  6.00pm
Saturday 9.00am  3.00pm 


Closed on 5th Saturday Sunday and Public Hol 6385 0649 stepup.sk@sana.org.sg Website STEPUP CENTRE@TAMAN JURONG   Leaflet  OneMap  contributors  Singapore Land Authority 301A Corporation Road 
S619773 Monday 9.00am  6.00pm
Tuesday 9.00am  6.00pm
Wednesday 9.00am  6.00pm
Thursday 2.00pm  6.00pm
Friday 9.00am  6.00pm

Closed on Saturday Sunday and Public Holidays 9847 5102 stepup.tj@sana.org.sg Website";httpswww.sgsocialsupport.comresourcemgWCX9ca9g
Singapore Anti Narcotics Association;We assist people in recovery from drug addiction  helping them Rise Above drug abuse and negativity  to a full new life of meaning and purpose. By informing people about drugs and drug use we seek to support prevention in our community.;httpswww.sgsocialsupport.comresourcedTUsq5CKeKD;No Content Found;Please contact the organisation for more details.;Please contact the organisation for more details.;Please contact the organisation for more details.;SANA Website;httpswww.sgsocialsupport.comresourcedTUsq5CKeKD
Skills Development for Migrants ACMI;At ACMI we provide vocational and language courses for migrants living in Singapore to improve and expand their skillsets holistically. These courses aim to equip them with practical skills that they can apply in their everyday life or cultivate an interest that they may not have had the time to pursue previously. Through attending these courses migrants also forge bonds with likeminded individuals building additional pillars of support in the community.;httpswww.sgsocialsupport.comresourceFp93NvWbTCm;No Content Found;Please contact the organisation for more details.;Courses Basic Practical English  Discover English through greetings signs and basic vocabulary and build up confidence in speaking. No English Assessment required Cooking  Be equipped with basic cooking skills such as steaming boiling pan frying and grilling in Indianfusion cuisine. Baking  Be equipped with basic baking skills and techniques in baking buns biscuits and cakes.;For any enquiries please email sd.acmi@catholic.org.sg or call 6801 7444  6964 8000. Closed on Fridays Saturdays  Public Holidays.;ACMI Closed on Fridays Saturdays  Public Holidays. 6801 7444 sd.acmi@catholic.org.sg Website;httpswww.sgsocialsupport.comresourceFp93NvWbTCm
Society for the Prevention of Cruelty to Animals SPCA;"The Society for the Prevention of Cruelty to Animals SPCA is a nongovernmental registered animal welfare charity with IPC status. We rely mainly on donations from our supporters to continue our important role as animal protectors.
Approximately 4000000 annually is required to run all our services including 247 emergency rescues cruelty amp welfare investigations Singapores only community animal clinic an adoption programme education outreach reuniting lost pets with owners sterilisations for community animals and a shelter for over 200 unwanted abused or abandoned animals every month.";httpswww.sgsocialsupport.comresourceD92zxTMXKjN;No Content Found;Please contact the organisation for more details.;Please contact the organisation for more details.;Please contact the organisation for more details.;"SPCA   Leaflet  OneMap  contributors  Singapore Land Authority 50 Sungei Tengah Road 
S699012 6287 5355 enquiries@spca.org.sg Website";httpswww.sgsocialsupport.comresourceD92zxTMXKjN
SPCA Community Animal Clinic;SPCA runs Singapores only nonprofit community animal clinic. Every year our clinic operations alone require 600000. Clinic consultations are strictly by appointment.Who we serveAnimal welfare groups and sheltersBook an appointment for your rescued animal hereIndependent rescuersBook an appointment for your rescued animal hereCommunity cat amp dog caregiversBook an appointment for your rescued animal herePet Guardians requiring financial assistanceBook an appointment for your rescued animal hereCase HighlightsOur dedicated team sees over 20 animals daily.;httpswww.sgsocialsupport.comresourceXBPqW8BczrB;No Content Found;Please contact the organisation for more details.;Please contact the organisation for more details.;Please contact the organisation for more details.;SPCA Community Animal Clinic Website;httpswww.sgsocialsupport.comresourceXBPqW8BczrB
The Mission to Seafarers;A Chance To Call HomeOur Flying Angel phone card is known by seafarers around the world and can be used to contact friends and loved ones. At our centres youll find wifi internet for Skype calls as well as phone connections.Emergency HelpIf you are in trouble in a foreign port the Mission to Seafarers is there to help. Our chaplains can contact your family and find local support and advice. We are there for seafarers who have no one else to turn to.Health At SeaIt is often difficult to keep a healthy lifestyle when you are a seafarer. We have supplied some useful advice and links which we hope will help you to keep healthy on board  fitness healthy eating lifestyle advice etc.International Dropin CentresWe have seafarers centres in 121 ports offering food and drink television books and a place to relax away from your ship.ShipVisitingOur chaplains visit hundreds of ships a day in ports around the world to give seafarers a friendly welcome and offer help support and advice.Someone To Talk ToOur chaplains are good listeners. If you just need someone to talk to about worries or problems they will be happy to sit with you and offer support and advice.Spiritual SupportMission centres provide Christian services spiritual support and opportunities for prayer and quiet reflection. We serve seafarers of all beliefs and work in partnership with other faith groups to meet their spiritual needs whatever they may be.TransportIn many ports our chaplains provide transport to take seafarers to the nearest town for shopping and sightseeing so that you can make the most of your time ashore.Welfare ServicesIf youre having employment problems have not been paid or need help accessing legal advice our chaplains can help you to speak to the right people.;httpswww.sgsocialsupport.comresourceDYZ7HhRTkBH;No Content Found;Seafarers;Please contact the organisation for more details.;Please contact the organisation for more details.;"The Mission to Seafarers   Leaflet  OneMap  contributors  Singapore Land Authority 52 Telok Blangah Road 0105 Telok Blangah House 
S098829 6737 2880 Website";httpswww.sgsocialsupport.comresourceDYZ7HhRTkBH
YouTube Nonprofit Program;The YouTube Nonprofit Program helps nonprofits connect with supporters volunteers and donors.For many causes video is a new but essential format for storytelling. With one billion viewers on YouTube every month nonprofits of all sizes can use YouTube videos to share their stories with a global audience. You can findnbspall the resources on the YouTube Nonprofit Program website;httpswww.sgsocialsupport.comresourceaDJTydCaUJc;No Content Found;To check if your nonprofit is eligible to participate in the YouTube Nonprofit Program review the Google Nonprofits eligibility guidelines .;As a YouTube Nonprofit Program partner you can use these features designed for partners Link directly to your site from your videos Optimize your content Dedicated technical support;A Google for Nonprofits account. Learn how to request a Google for Nonprofits account . A YouTube channel and ID for your organization. Learn how to find your channel ID or create a channel . The YouTube channel should be easily verified as belonging to your organization. Activate the YouTube Nonprofit Program Go to Google for Nonprofits and sign in with your organizations administrative account. Under YouTube Nonprofit Program click Get Started . Follow the steps. Google will review your request in 3 business days and will send you an email once the review is complete. Once the YouTube Nonprofit Program is activated you can start using all the benefits available to nonprofits and channel features for YouTube creators .;Google Website;httpswww.sgsocialsupport.comresourceaDJTydCaUJc
