Name,Description,Link,Full Content,Who can apply,What to expect,How to apply,Contact,Source URL
GEM New Start Centre,"GEM New Start Centre Limited (GEM NSC) is a non-profit that reaches out to young women aged 18-25 years old, who have experienced psychological distress, familial issues, incarceration or are placed under a probation order.
The foundation of GEM NSC is the belief that every woman, regardless of their background, has the potential to shine and display their true beauty while empowering them to live a purposeful and fulfilling life.",https://www.sgsocialsupport.com/resource/zZHjMnKBGam,No Content Found,Please contact the organisation for more details.,Please contact the organisation for more details.,Please contact the organisation for more details.,"GEM New Start Centre + − Leaflet | OneMap © contributors | Singapore Land Authority No 2 Springleaf View 
S787908 6266 3310 admin@gemnsc.com Website GEM New Start Centre + − Leaflet | OneMap © contributors | Singapore Land Authority No 2 Springleaf View 
S787908 6266 3302 admin@gemnsc.com Website",https://www.sgsocialsupport.com/resource/zZHjMnKBGam
Adopt a Family & Youth Scheme (AMP Singapore),"AMP introduced the Adopt a Family &amp; Youth Scheme (AFYS) in 1999 to encourage self-reliance within disadvantaged families. Under the scheme, families are assisted through financial assistance and management, economic empowerment, socio-educational and parental education programmes and family life skills workshops.Adult family members undergo skills training either in economically-viable areas to increase their employability or in setting up a home-based business as an alternative source of income. School-going children under AFYS are enrolled into tuition and enrichment programmes to enhance their academic development. Parental education programmes and family life skills workshops are also conducted for parents under AFYS to equip them with the knowledge and skills to improve the quality of their family life.",https://www.sgsocialsupport.com/resource/s6nXP73MHT2,No Content Found,"AFYS assists low-income families with school-going children, who meet the following eligibility criteria: Monthly household income < $2,500 or per capita income (PCI) < $650 Have young or school-going children Show the potential to be self-reliant","1. Financial Assistance and Management Monthly tracking of household income and expenditure One-off partial payment or development of an instalment plan with the relevant agencies 2. Economic Empowerment Skills upgrading courses to increase employability for adult family members Training to set up micro business or home-based business to supplement and/or strengthen family income status 3. Socio-Educational Development Tuition classes Part-time religious classes ( madrasah ) Transport concession i.e. EZ-link reimbursements Payment of: Examination fees Childcare, kindergarten and student care fees Educational workshops such as school holiday enrichment programmes Education bursaries 4. Others Counselling services Festive period assistance i.e. Hari Raya preparation Parenting workshops Financial workshops","Call the AMP Helpline at 64163960 or 64163961 to make an appointment for assessment For further enquiries about the programme, email to helpliners@amp.org.sg",AMP Singapore 6416 3960 6416 3961 helpliners@amp.org.sg Website,https://www.sgsocialsupport.com/resource/s6nXP73MHT2
Adullam Life Counselling,"At Adullam Life Counselling, we are a non-profit society that provides support and practical help for people facing debt issues. We are a Christian based organisation but pledges to serve the community without any racial or religious bias. Give us a call to find out how we can help.",https://www.sgsocialsupport.com/resource/HavM62eadNb,No Content Found,Please contact the organisation for more details.,Please contact the organisation for more details.,Please contact the organisation for more details.,"Adullam Life Counselling + − Leaflet | OneMap © contributors | Singapore Land Authority Office Address:
151 Chin Swee Road #08-04
Manhattan House 
S169876 6659 7844 admin@adullam.org.sg Website Adullam Life Counselling + − Leaflet | OneMap © contributors | Singapore Land Authority Counselling Session Address:
315 Outram Road #15-02A
Tan Boon Liat Building
 
S169074 Please note that counselling sessions are held every Tuesday and Thursday evening and are strictly on an appointment basis only. 6659 7844 admin@adullam.org.sg Website",https://www.sgsocialsupport.com/resource/HavM62eadNb
As-Salaam - PPIS,"A Divorce Support Specialist Agency with more than 25 years of experience in divorce counselling, working with Malay-Muslim single parent families in Singapore.
We provide support for divorcing parents and single parent families to move on and cope with the challenges to rebuild their families through divorce counselling and community support. Appointed as a Divorce Support Specialist Agency (DSSA) by the Ministry of Social and Family Development (MSF) in 2015, our staff are equipped with specialised knowledge and skills in handling divorce issues and providing divorce counselling services. As-Salaam offers counselling and programmes such as Parenting PACT and Children in Between (CiB) to help divorced parents and children better cope with the impact of divorce.",https://www.sgsocialsupport.com/resource/GGEVTUny7QQ,No Content Found,Please contact the organisation for more details.,Please contact the organisation for more details.,Fill up interest form at https://ppis.sg/as-salaam,"PPIS As-Salaam + − Leaflet | OneMap © contributors | Singapore Land Authority Blk 41, Chai Chee Street, #01-16 
S461041 6745 5862 as-salaam@ppis.sg Website PPIS Head Office + − Leaflet | OneMap © contributors | Singapore Land Authority Blk 1, Eunos Crescent, #01-2509
 
S400001 6744 0258 info@ppis.sg",https://www.sgsocialsupport.com/resource/GGEVTUny7QQ
AWARE Sexual Assault Care Centre,"Safe. Free. Confidential.
The Sexual Assault Care Centre (SACC) at AWARE provides free services to those who have experienced sexual assault, helping them deal with their experiences and make decisions about their next steps.
Sexual assault (including rape) can be highly traumatic. It can take a long time to recover after such a crime. If you have been a victim of sexual assault, please know that it is not your fault.
Recovering can take time and courage, but no one has to go through this experience alone. We work to create a supportive environment, and to provide a safe place to seek help.
All calls to and cases at the SACC are kept strictly confidential.",https://www.sgsocialsupport.com/resource/h-cRFh2a-bC,No Content Found,Please contact the organisation for more details.,Please contact the organisation for more details.,Please contact the organisation for more details.,"AWARE Sexual Assault Care Centre + − Leaflet | OneMap © contributors | Singapore Land Authority 5 Dover Crescent
#01-22  
S130005 6779 0282 sacc@aware.org.sg Website",https://www.sgsocialsupport.com/resource/h-cRFh2a-bC
Be Kind SG,"We aim to create and inspire a kind and inclusive society for persons with disabilities, such as intellectual disabilities and autism.
We began as a groundup movement in 2017 and were inducted into Singapore Kindness Movement's 'Kindred Spirit Circle' in 2018. We were also recognized as a Groundup Central member under National Volunteer &amp; Philanthropy Centre. In Q4 2021, we incorporated under ACRA as a non-profit organization to better serve the needs of our communities (UEN: 202133971G). Since March 2023, we are registered as a charity under the Charities Act in Singapore (Sector Administrator: Ministry of Social and Family Development). Through our work, we support the Sustainable Development Goals, SDG 10: Reduced Inequalities and SDG 17: Partnership for the Goals.",https://www.sgsocialsupport.com/resource/wVSE8ZuSUn6,No Content Found,Please contact the organisation for more details.,Please contact the organisation for more details.,Please contact the organisation for more details.,Be Kind SG Website,https://www.sgsocialsupport.com/resource/wVSE8ZuSUn6
Brotherhood (THK FSC),"Thye Hua Kwan Moral Charities’ (THKMC)'s  Brotherhood programme, an initiative to support men who have committed family violence in their healing process. 
The Brotherhood programme aims to break the intergenerational cycle of violence by supporting men who have caused harm to others to be a part of the solution in ending family violence, said THKMC.
https://www.straitstimes.com/singapore/overcoming-family-violence-brotherhood-programme-helps-over-80-men",https://www.sgsocialsupport.com/resource/jcAgAE3nFpM,No Content Found,Males who are experiencing aggression with their love ones and are motivated to work on it.,"Value-added services: Meals provided, family outing, monthly exercise, podcast support",Please contact the organisation for more details.,"Ben (THK Family Service Centre @ Bedok North) + − Leaflet | OneMap © contributors | Singapore Land Authority Blk 554 Bedok North Street 3, #01-241 
S460554 9487 2880 benang@thkmc.org.sg Website Ben (THK Family Service Centre @ Bedok North) + − Leaflet | OneMap © contributors | Singapore Land Authority Blk 554 Bedok North Street 3, #01-241 
S460554 6449 1440 benang@thkmc.org.sg",https://www.sgsocialsupport.com/resource/jcAgAE3nFpM
Canine Programme (EQUAL),"The Canine Programme is aimed at developing social-emotional skills in our beneficiaries, through experiential learning during our multi-session programme with our canine partners.",https://www.sgsocialsupport.com/resource/mpkrqxbA-Xt,No Content Found,"Children and youth at risk People with disabilities age 13 and above Seniors age 65 and above, especially those with dementia and depression, living in institutions or the community","4 to 8 weekly sessions
Each session is 1 to 1.5 hours long
Weekdays",Please contact the organisation for more details.,"Canine Programme (EQUAL) + − Leaflet | OneMap © contributors | Singapore Land Authority Enabling Village, 20 Lengkok Bahru, #01-19C 
S159053 canineprogramme@equal.org.sg Website",https://www.sgsocialsupport.com/resource/mpkrqxbA-Xt
Cheng Hong Welfare Service Society (CHWSS),"Cheng Hong Welfare Service Society (CHWSS) was officially registered with Registrar of Societies and subsequently granted Institution of Public Character (IPC) status by the Commissioner of Charities in 2004. In 2005, CHWSS became a full member of National Council of Social Service (NCSS).
Till date, Cheng Hong Welfare Service Society operates 10 TCM clinics and a mobile TCM clinic island wide providing pro bono traditional Chinese treatment and medication to the needy. It also offers other charitable services such as providing food ration, education grants, visit to homes, and bringing the elderly for tours etc.
In October 2012, Cheng Hong Welfare Service Society established an Afterlife Memorial Service – the first of its kind in Singapore. This service provides free funeral and bereavement services to those who require such services, regardless of race and religion.",https://www.sgsocialsupport.com/resource/v9zvGLAExbU,No Content Found,Please contact the organisation for more details.,Please contact the organisation for more details.,Please contact the organisation for more details.,"Cheng Hong Welfare Service Society (CHWSS) + − Leaflet | OneMap © contributors | Singapore Land Authority 37 Tannery Lane, #06-01, Tannery House
 
S347790 Mon – Fri: 9am to 6pm 6914 9508 admin@chenghongwelfare.org Website",https://www.sgsocialsupport.com/resource/v9zvGLAExbU
Cornerstone Development Initiatives (CDI) Redeemed (Cornerstone Community Services),"The Cornerstone Development Initiatives (CDI) Redeemed* is a transport allowance scheme (for 3 months) aims at helping ex-offenders integrate back into society as they embark on a new job upon release. This scheme is applicable to ex-offenders who have secured employment and application can only be made by their employer.

Subject to application criteria",https://www.sgsocialsupport.com/resource/9yz3DPsB5YM,No Content Found,Please contact the organisation for more details.,Please contact the organisation for more details.,"For more enquiries, click here .","Cornerstone Development Initiatives (CDI) Redeemed (Cornerstone Community Services) + − Leaflet | OneMap © contributors | Singapore Land Authority 11 East Coast Road, #01-13, The Odeon Katong 
S428722 6344 7321 Website Cornerstone Development Initiatives (CDI) Redeemed (Cornerstone Community Services) + − Leaflet | OneMap © contributors | Singapore Land Authority 11 East Coast Road, #01-13, The Odeon Katong 
S428722 Tue - Fri: 11am - 4pm 6344 8063 Website",https://www.sgsocialsupport.com/resource/9yz3DPsB5YM
Daddies For Life (THK FSC),"This groupwork enables daddies to be aware of the challenges they might be facing and to equip them with skills to improve their socio-emotional well-being. This groupwork will cover psychoeducation to develop and improve life skills to improve their relationships with their children. For daddies who do not have access to their children, the groupwork will create a safe space for participants to build a community of support for each other to cope with the challenges of being a single father.",https://www.sgsocialsupport.com/resource/2eGmpsPHKmv,No Content Found,"1) Daddies who have filed for divorce with/without access of child/children 
2) Daddies who are divorced with or without access to child/children 
3) Daddies who have been separated from their spouses for more than 3 years.",Value-added services: Build a small informal support within the group Trained to become daddy buddy volunteers to befriend other single fathers to grow the support network Acquire life skills to build better relationship with their children and improve their socio-emotional well-being through bonding activities.,Please contact the organisation for more details.,"Mou Nyee (THK Centre For Family Harmony @ Commonwealth) + − Leaflet | OneMap © contributors | Singapore Land Authority 54 Commonwealth Drive #01-566  
S142054 6357 9182 mounyee.lim@thkmc.org.sg Website",https://www.sgsocialsupport.com/resource/2eGmpsPHKmv
Empowering Mums: English Club (YWCA),"Learning Never Stops
Recognising that language is a powerful tool that connects people, the Empowering Mums: English Club (EC) is a free English curriculum for low-income mums of Singaporean families. The programme aims to empower mums to gain control of foundational English skills for daily conversations, with the theme centering on the neighbourhood in a housing estate.
The programme covers five proficiency levels of learning according to the International English Language Testing System (IELTS) standards. Various learning tools and activities ensure an engaging experience tried and tested in previous terms.
Classes are held with trained volunteers for 2 hours each session. Childminding services will be provided on a needs basis with reading and play elements.",https://www.sgsocialsupport.com/resource/JEypgLcXun4,No Content Found,"Mother of a Singaporean or Permanent Resident child Singaporean, Permanent Resident, holding or applying for at least Long-Term Visit Pass or more permanent stay in Singapore On some form of financial aid or similar assistance; or living in an HDB rental flat; other situations subject to case by case approval Primary school level English",Please contact the organisation for more details.,Social worker to email csp@ywca.org.sg Attach Form Attach All Necessary Documents Attach Valid Social Report,"Young Women's Christian Association + − Leaflet | OneMap © contributors | Singapore Land Authority 254 Outram Road 
S169051 6223 1227 csp@ywca.org.sg Website",https://www.sgsocialsupport.com/resource/JEypgLcXun4
Empowering Young Women - YWCA,"The programme provides personal and professional guidance for young women from low-income families, aged between 17 to 23 years old.
Participants are exposed to a wide array of topics covering personal growth, relationship management, communication strategies and career coaching over 6 sessions. The programme will then culminate with a graduation and networking session.
After graduation, three monthly post-project sessions are held to further support our young beneficiaries on their journey of self-driven change.",https://www.sgsocialsupport.com/resource/4rLETCGXNgA,No Content Found,Singapore Citizen or Permanent Resident Single 17-23 years old On some form of financial aid or similar social service assistance; or living in a HDB rental flat; or other situations subject to case by case approval,Please contact the organisation for more details.,Social Worker to contact our programme-in-charge at csp@ywca.org.sg who will advise on the submission of supporting documents.,"Young Women's Christian Association + − Leaflet | OneMap © contributors | Singapore Land Authority 254 Outram Road 
S169051 6223 1227 csp@ywca.org.sg Website",https://www.sgsocialsupport.com/resource/4rLETCGXNgA
EQUAL,"Founded in 2015, EQUAL (an IPC charity) strives to transform lives through Animal-Assisted Services. EQUAL partners with animals to provide experiential and educational programmes that help empower vulnerable persons such as children, youths, persons with special needs, families, and seniors by enhancing their social and emotional well-being and supporting social integration in a safe environment — building resilience and inclusive communities. Animal-Assisted Learning (AAL) is an experiential programme facilitated by instructors partnering animals, where participants develop vita social-emotional and relationship skills in a safe and supportive environment. Each year, we proudly serve hundreds of clients from various institutions, including schools, children's homes, nursing homes, and other social service organisations.",https://www.sgsocialsupport.com/resource/tjQ747KHV3d,No Content Found,Please contact the organisation for more details.,Please contact the organisation for more details.,Please contact the organisation for more details.,"EQUAL + − Leaflet | OneMap © contributors | Singapore Land Authority 100 Jalan Mashhor 
S299177 6904 0422 info@equal.org.sg Website",https://www.sgsocialsupport.com/resource/tjQ747KHV3d
Extra•Ordinary People,"Established in July 2017, Extra•Ordinary People is a Singapore-registered charity and Institution of Public Character (IPC) which holistically supports persons with special needs while striving for an inclusive society through family-centred and community-supported initiatives. 
We call ourselves Extra•Ordinary People because we are all ordinary people who make the conscious decision to go the extra mile. The dot between “Extra” and “Ordinary” in our logo symbolises the heart required to make a difference. The colours in the word “Extra” represent diversity and inclusivity.",https://www.sgsocialsupport.com/resource/uJKzYeg44AE,No Content Found,Please contact the organisation for more details.,Please contact the organisation for more details.,Please contact the organisation for more details.,"Extra•Ordinary People + − Leaflet | OneMap © contributors | Singapore Land Authority 7500A Beach Road #01-313,
The Plaza Block A 
S199591 Operating Hours: 9a.m. to 6p.m. (Tue – Sat)
Closed on Sun and Public Holidays 6286 5088 contact@extraordinarypeople.sg Website",https://www.sgsocialsupport.com/resource/uJKzYeg44AE
Family Programme (EQUAL),"The EQUAL Family Programme utilises Equine-Assisted Learning (EAL), a form of group work that uses experiential learning to develop social-emotional skills in persons with special needs and their caregivers. In EAL, majestic and gentle horses serve as a unique bridging element and scaffolding, creating the mirroring and observational learning that aids the acquisition of new behaviours as described in social learning theory.
Activities are centred around creating intentional interaction between caregivers and their wards. Activities include Horseplay (playing interactive games with horses), Horse Care, and Horse-riding. Solutions oriented debriefs conducted at the end of every session help caregivers and their wards parallel the learning outcomes and translate them to the home setting. The debriefs are conducted by EQUAL Instructors using the Equine Experiential Education facilitation method, which is based on Kolb’s Stage Theory of Experiential Learning and the Pfeiffer and Jones Stage Model of Questioning.",https://www.sgsocialsupport.com/resource/sv8WZbSW6rF,No Content Found,"Families who are looking to strengthen bond, improve communication and overcome emotional challenges (Up to 5 pax)","Programme Structure
5 weekly sessions
Each session is 2 hours long
Weekdays or weekends",Please contact the organisation for more details.,"EQUAL + − Leaflet | OneMap © contributors | Singapore Land Authority 100 Jalan Mashhor 
S299177 6904 0422 info@equal.org.sg Website",https://www.sgsocialsupport.com/resource/sv8WZbSW6rF
Family Service Centre - PPIS,"PPIS family service centres in Singapore offer casework and family counselling services for clients who face intrapersonal relationship issues, family violence, child management or parenting concerns and other general concerns including referrals for financial assistance. In our approach for family counselling services, we also incorporate group and community work to help individuals and families better support and empower one another.",https://www.sgsocialsupport.com/resource/7H5tHySknTm,No Content Found,Please contact the organisation for more details.,Please contact the organisation for more details.,Fill up interest form at https://ppis.sg/fsc/.,"Persatuan Pemudi Islam Singapura (Singapore Muslim Women’s Association) Monday – Friday: 9.00 am – 5.00 pm Website PPIS Family Service Centre (East) + − Leaflet | OneMap © contributors | Singapore Land Authority Wisma Geylang Serai, 1 Engku Aman Road, #03-01 
S408528 6015 6970 fsceast@ppis.sg PPIS Family Service Centre (West) + − Leaflet | OneMap © contributors | Singapore Land Authority Blk 301, Bukit Batok St 31, #01-01 
S650301 6561 3462 fscwest@ppis.sg",https://www.sgsocialsupport.com/resource/7H5tHySknTm
Habitat For Humanity,"What We Do
At Habitat for Humanity Singapore, we build decent homes across Asia-Pacific and
rehabilitate flats in Singapore for vulnerable families.
Building decent houses overseas
Working in partnership with families
Improving living conditions in Singapore
Restoring dignity through decent living conditions",https://www.sgsocialsupport.com/resource/ucG7e327Uj5,No Content Found,Please contact the organisation for more details.,Please contact the organisation for more details.,Please contact the organisation for more details.,Habitat For Humanity Website,https://www.sgsocialsupport.com/resource/ucG7e327Uj5
Home Ownership Plus Education (AMP Singapore),"AMP is one of the mentoring agencies under the Home Ownership Plus Education (HOPE) Scheme, a national assistance programme spearheaded by the Ministry of Social and Family Development (MSF) for young, low-income families to keep their family small.",https://www.sgsocialsupport.com/resource/Br2USLY6c4g,No Content Found,"The HOPE Scheme assists families and single mothers, who meet the following eligibility criteria: Married or divorced/widowed mother with child custody Mother/Wife is 35 years old or below For families where at least one spouse or the widowed/divorced mother has a post-secondary education, the wife/mother should be 30 to 35 years old Family unit has no more than 2 children, who are Singapore Citizens Gross monthly household income of not more than $1,700 For families where at least one spouse or the widowed/divorced mother has a post-secondary education, the individual income of each spouse or widowed/divorced mother should not be more than $1,200 per month Both husband and wife must be Singapore Citizens One of the spouse or the widowed/divorced mother must be a Singapore Citizen Husband or divorced/widowed mother must be employed","1. Housing and Utilities Conditional Housing Grant $60,000 housing grant disbursed in annual instalments of $3,000 to mother’s CPF account Utilities Grant $1,000 once-off grant to offset utilities charges 2. Training and Employment Training Advice and Employment Support Ongoing advice provided on training courses, job placement and career counselling Training Incentives Up to $6,000 worth of incentives for families who make efforts to do better and complete training courses that lead to better employment Employment Incentives Up to $10,000 worth of employment incentives for full-time working mothers. 3. Support for Children and Families Education Bursaries Annual bursaries of up to $3,000 for each child attending pre-school to university to help pay for their educational expenses. This includes the savings to each child’s Child Development Account (CDA) and Post-Secondary Education Account (PSEA) for their future educational needs. Mentoring and Family Support Ongoing mentoring support and guidance to strengthen families as they work towards upgrading themselves and their families Free family planning",Visit the nearest Social Service Office to apply for the HOPE Scheme Click here for the list of SSOs in Singapore,"AMP Singapore + − Leaflet | OneMap © contributors | Singapore Land Authority 1 Pasir Ris Drive 4, #05-11 
S519457 Mon to Fri – 9.00 am to 6.00 pm
Closed on Saturdays, Sundays and Public Holidays 6416 3960 6416 3961 corporate@amp.org.sg Website",https://www.sgsocialsupport.com/resource/Br2USLY6c4g
Home Repair Maintenance Programme (Singapore Planned Families Association),-To provide repair and maintenance works to needy households.Developing an ecosystem of help that begins in each home.-To create a better home so that the family unit will move towards&nbsp;achieving self-reliance.,https://www.sgsocialsupport.com/resource/7Bjh9JU4nUw,No Content Found,Blue CHAS card Social worker letter/endorsement AIC / Government officials endorsement Exceptions Case by case basis In-house case worker field assessment Over-time observations/visitations on the home (3 to 4 months),"HRM Services Repair services covers all that hinders the household’s safety, basic relative necessities, and person centric living integrations that contributes to improving the standards of living for the families, posturing them to be focused on ambitions beyond basic survival. Electrical Repairs Miniature circuit board repairs Light bulb replacement Power socket repairs and wiring Water heater replacement Plumbing Works Cistern replacement Sink, toilet bowl and pipe chokes Faucet replacement Light piping replacements Shower head and water spray replacements Handyman Maintenance Door locks, letter box locks, etc Door hinge replacements Curtain hooks Shelf installations Clothes line Ceiling fans Restorative Painting Case by case basis In-house case worker field assessment Large scale painting (whole HDB) might not be feasible Framework Household interview / Referral Assign Handymen team & set maintenance work date Payment by Beneficiary (10-20% of total bill). i.e: Total bill for particular household benefitting from HRM service’s subsidy is $470, household will have to pay a minimum of $47-94. This is to instill ownership & to achieve a sustainable model to help more households in the near future. Repair costs follows relevant market prices. Follow-up session. Before & After photos of the repair works. Written testimonial on how the subsidy and efficiency has helped the household/family unit.",Please contact the organisation for more details.,"Singapore Planned Families Association + − Leaflet | OneMap © contributors | Singapore Land Authority Singapore Planned Families Association
Block 3A Holland Close # 01-55 
S272003 6775 8981 enquiry@spfa.org.sg Website",https://www.sgsocialsupport.com/resource/7Bjh9JU4nUw
KidSTART Early Childhood Development Assistance,"KidSTART SG is here to support children and families based on their needs through their familiar settings such as at home, in the community and at selected preschools through our programme. As parents are a child’s first teachers and play a key role in setting them up for a good start in life, KidSTART partners parents to empower them to be confident caregivers and be equipped with the knowledge and skills to:

Build warm nurturing relationships with their children
Support the age-appropriate development of their children
Care for the health and social wellbeing of their children in their early years",https://www.sgsocialsupport.com/resource/nS-NaLpyMUg,No Content Found,"If your family: Has a pregnant mother and/or a child who is a Singaporean Citizen aged 6 and below Has a gross monthly household income of $2,500 and below, or per capita income of $650 and below Is staying in the following areas:
Kreta Ayer/Bukit Merah
Woodlands/Sembawang
Taman Jurong/Boon Lay
Ang Mo Kio/Yishun
Bedok/Geylang Serai
Choa Chu Kang/Bukit Panjang/Bukit Batok
Jalan Besar and Toa Payoh","KidSTART @ Home (0-3 years old) Support in a home setting for pregnant mothers and children up to 3 years old. Regular home visits to guide parents with skills and practical knowledge in the areas of early childhood development, health and nutrition. Regular screening of the child’s growth and maternal well-being to ensure early intervention if needed. KidSTART @ Pre-school (2 months to 6 years old) In selected preschools, additional resources are provided to support KidSTART families. Engage parents on child growth, development, health and nutrition. Monitor and tackle obstacles to child’s attendance and school readiness. Help with preschool enrolment. Welcome packs consisting of age-appropriate books, toys and wellness items Learning packs for each enrolled child. These packs include age-appropriate art & craft materials, book and toys Invitations to KidSTART events and carnivals Fresh food packs consisting of fresh vegetables & fruits Access to free resources on early childhood development, parent-child interactions and health & nutrition information Access to supplementary programmes to enhance parent-child interactions & family functioning",Fill up the form on the website,"KidSTART + − Leaflet | OneMap © contributors | Singapore Land Authority WeWork, 30 Prinsep Street #06-01 
S188647 6908 0155 contactus@kidstart.sg Website",https://www.sgsocialsupport.com/resource/nS-NaLpyMUg
Living Assistance (Tzu-Chi Foundation),"Tzu Chi provides direct, timely and practical assistance to give the kind of help needed by each individual and household. Besides providing financial support to help cover some living expenses, Tzu Chi also provides essential daily items such as formula milk, diaper and food in an ongoing manner. Our volunteers also help to declutter and furnish the homes of some care recipients who are unable to clean up their homes by themselves and deliver meals to care recipients who have difficulty cooking or leaving their homes to buy food.",https://www.sgsocialsupport.com/resource/hBefNgTRs2n,No Content Found,Please contact the organisation for more details.,"The types of living assistance provided by Tzu Chi are as follows： Household Living Expenses
Furnish & Retrofit Support
Home Decluttering
Meals Delivery",https://www.tzuchi.org.sg/en/contact-us/enquiry-form/,Tzu-Chi Foundation 6582 9958 Website,https://www.sgsocialsupport.com/resource/hBefNgTRs2n
Mamre Oaks,"Mamre Oaks is a day centre catered for persons with intellectual and developmental disabilities (IDD). 

At Mamre Oaks, we engaged the members with different core activities such as cooking, baking, arts & craft, music and yoga to keep them active on a daily basis. We also organise fun workshops and monthly outings to encourage them to be interactive with their surroundings and to learn a new skill.",https://www.sgsocialsupport.com/resource/dF3DeECVTtt,No Content Found,Please contact the organisation for more details.,Please contact the organisation for more details.,Please contact the organisation for more details.,"Mamre Oaks + − Leaflet | OneMap © contributors | Singapore Land Authority 490 East Coast Road,
St Patrick's School, Brothers' Residence 
S429058 Monday to Friday, 9am to 5pm 6978 7800 Webmail@mamreoaks.sg Website",https://www.sgsocialsupport.com/resource/dF3DeECVTtt
Marriage Counselling Programme (AMP Singapore),"Syariah Court refers married couples who are divorcing to AMP for for marriage counselling under the Marriage Counselling Programme, which focuses on:Affecting reconciliation;Facilitating an amicable divorce if reconciliation is inevitable (discuss co-parenting plans for couples with dependent children); andFacilitating access to national resources for couples who require other forms of support.The Marriage Counselling Programme is compulsory, and aims to provide these married couples with a safe and neutral platform to discuss their marriage and understand the impact of divorce.",https://www.sgsocialsupport.com/resource/9HA6X4mgrXM,No Content Found,"The programme is for married couples contemplating divorce, couples with marital or relationship problems, or divorcing couples referred by the Syariah Court. For couples who decide to proceed with divorce and have at least one child below 21 years old, a counsellor will facilitate the Parenting Programme with them. The Parenting Plan prepares the parents for their post-divorce journey, while prioritising their children’s interests. It helps to bring closure to their marriage and re-focus their attention on raising their children.",Please contact the organisation for more details.,"Individuals will be required to submit their application for divorce or marriage counselling to Syariah Court before attending the Marriage Counselling Programme. For more info about the programme, please visit www.syariahcourt.gov.sg .","AMP Singapore + − Leaflet | OneMap © contributors | Singapore Land Authority 1 Pasir Ris Drive 4 #05-11 
S519457 Mon to Fri – 9.00 am to 6.00 pm
Closed on Saturdays, Sundays and Public Holidays 6416 3966 corporate@amp.org.sg Website",https://www.sgsocialsupport.com/resource/9HA6X4mgrXM
Marriage Enrichment & Support Programmes (AMP Singapore),"INSPIRASI@AMP provides post-marriage support for young couples in the first ten years of marriage through Club INSPIRASI. Some of the initiatives include marriage enrichment programmes, family day activities, couple retreats, support group sessions, and support services, which include counselling and casework, as well as information and referral services.Young couples who have graduated from the marriage preparation workshops under INSPIRASI@AMP will be enrolled into the marriage enrichment and support programmes to assist in their marital journey.",https://www.sgsocialsupport.com/resource/wV9nwdZLLsx,No Content Found,,Please contact the organisation for more details.,"Call the AMP Helpline at 6416 3960 or 6416 3961 to make an appointment for assessment For further enquiries about the programme, email helpliners@amp.org.sg","AMP Singapore + − Leaflet | OneMap © contributors | Singapore Land Authority 1 Pasir Ris Drive 4 #05-11 
S519457 Mon to Fri – 9.00 am to 6.00 pm
Closed on Saturdays, Sundays and Public Holidays 6416 3960 6416 3961 helpliners@amp.org.sg Website",https://www.sgsocialsupport.com/resource/wV9nwdZLLsx
Marriage Preparation for Young Couples (AMP Singapore),"INSPIRASI@AMP, in collaboration with the Registry of Muslim Marriages (ROMM), supports young couples through premarital consultation session, marriage preparation workshops, and parents support group.Premarital ConsultationYoung couples are assessed based on their readiness for marriage at the premarital consultation session with the focus on supporting them to make an informed decision on marriage. The session also seeks to identify and address potential issues that may affect the couples’ marriage and discuss post-marriage plans. Counsellors will also assess the level of functional support from their parents during the session. The couples and their families will then be encouraged to attend the marriage preparation workshops and other support programmes and services provided by INSPIRASI@AMP, to support couples in their marriage journey.Marriage Preparation WorkshopsThe marriage preparation workshops (Young Couples Programme) enable young couples to build a strong and stable marriage and support them in their journey in becoming parents. Through the workshops, couples can learn problem-solving and life skills, which they can adopt in their marriage.Parents Support GroupParents of young couples are also equipped with the skills and knowledge to help and support their children in their journey. The parents’ support group discusses expectations of in-law relationships, roles and responsibilities of parents and parents-in-law, and strategies to better support young couples towards independence.",https://www.sgsocialsupport.com/resource/abCGtqaGn4b,No Content Found,Please contact the organisation for more details.,Please contact the organisation for more details.,"Call the AMP Helpline at 6416 3960 or 6416 3961 to make an appointment for assessment For further enquiries about the programme, email to helpliners@amp.org.sg","AMP Singapore + − Leaflet | OneMap © contributors | Singapore Land Authority 1 Pasir Ris Drive 4 #05-11 
S519457 Mon to Fri – 9.00 am to 6.00 pm
Closed on Saturdays, Sundays and Public Holidays 6416 3960 6416 3961 helpliners@amp.org.sg Website",https://www.sgsocialsupport.com/resource/abCGtqaGn4b
Marriage Preparation Programme (Cornerstone Community Services),"Marriage Preparation Programme
The Prevention and Relationship Education Programme (PREP®) is a sophisticated research-based marriage enrichment programme with proven results of low rates of premarital break-up and post marital divorce. It is based on more than 40 years of continual on-going research on marital success and distress. Through interactive activities and discussions conducted by PREP® trained counsellors, participants will be empowered with the tools for building a successful marriage at the 12-hour workshop. 
This workshop is conducted in a group format over 2 Saturdays and is suitable for couples preparing to get married or have been married for less than 2 years. A rebate is given to every Singaporean/PR couple by the Ministry of Social and Family Development (MSF) upon completion of the PREP programme.",https://www.sgsocialsupport.com/resource/CsgkeGeBJHf,No Content Found,Please contact the organisation for more details.,Please contact the organisation for more details.,"For more enquiries, refer to the link","Marriage Preparation Programme (Cornerstone Community Services) + − Leaflet | OneMap © contributors | Singapore Land Authority 11 East Coast Road, #01-13, The Odeon Katong 
S428722 6344 8063 Website",https://www.sgsocialsupport.com/resource/CsgkeGeBJHf
Medical Escort and Transport (Loving Heart Multi-Service Centre),"Our MET staff and volunteers accompany and transport individuals with mobility difficulties and disabilities to and from their medical appointments.​*Depending on the client's assessed financial means, a fee may be payable to LHMSC.",https://www.sgsocialsupport.com/resource/Z8jMCJgPN6b,No Content Found,Please contact the organisation for more details.,Please contact the organisation for more details.,Please contact the organisation for more details.,"Medical Escort and Transport (Loving Heart Multi-Service Centre) + − Leaflet | OneMap © contributors | Singapore Land Authority BLK 210 Jurong East Street 21, #01-389 
S600210 6897 4766 hello@lovingheart.org.sg Website",https://www.sgsocialsupport.com/resource/Z8jMCJgPN6b
Mummies For Life (THK FSC),"Mummies for life hope to support mothers impacted by divorce, emulated by the phrase, 'Empowering Mothers, Empower Others'. This programme empowers new members or the group with the alumni sharing their inspiring stories of how they overcome the adversities on their journey of divorce. 
Objectives
1) To create a safe space for mothers to grieve their losses
2) To increase altruism in mothers as they heal
3) To transform their identity as empowered mothers for others",https://www.sgsocialsupport.com/resource/PhaUSr4Qf28,No Content Found,Mothers impacted by divorce.,Please contact the organisation for more details.,Please contact the organisation for more details.,"Jonathan (THK Centre for Family Harmony @Commonwealth) + − Leaflet | OneMap © contributors | Singapore Land Authority 54 Commonwealth Drive #01-566 
S142054 6257 9188 jonathanramchand@thkmc.org.sg Website San San (THK Centre for Family Harmony @Commonwealth) + − Leaflet | OneMap © contributors | Singapore Land Authority 54 Commonwealth Drive #01-566 
S142054 6357 9188 sansan.ong@thkmc.org.sg Website",https://www.sgsocialsupport.com/resource/PhaUSr4Qf28
My Legacy @LifeSG,"My Legacy helps you to explore, store and share your end-of-life plans. Protect what matters to you.End-of-life planningHow to start planning, write a will, make an advance care plan, get palliative care and caregiver support.Check what you can do to help your loved ones make arrangements according to your wishes when the time comes.When death happensDownload death certificate, arrange a funeral, manage the deceased's assets, get counselling and support.Start Planning With My Legacy VaultPlan, store and share your legal, healthcare and estate matters securely with people you trust.",https://www.sgsocialsupport.com/resource/uMP8XeunYrB,No Content Found,Please contact the organisation for more details.,Please contact the organisation for more details.,Please contact the organisation for more details.,My Legacy @LifeSG Website,https://www.sgsocialsupport.com/resource/uMP8XeunYrB
North West Home Fix Scheme (North West CDC),"The North West Home Fix Scheme aims to provide safe and functional homes for low income families by repairing any faulty items in the household that are essential to the basic living and safety environment.
North West CDC identifies the beneficiaries jointly with the Grassroots Organisations in the North West District.",https://www.sgsocialsupport.com/resource/jM6kqpLMFLF,No Content Found,Community organisations may submit a referral for clients to northwest_cdc@pa.gov.sg,Please contact the organisation for more details.,Please contact the organisation for more details.,North West CDC 6248 5566 northwest_cdc@pa.gov.sg Website,https://www.sgsocialsupport.com/resource/jM6kqpLMFLF
OK7 (THK FSC),"OK7 renders support to families impacted by incarceration due to drug-related issues by preparing and equipping them with skills to problem-solve and improve family relationships. Past participants, now known as community mentors, will shape their journey to recovery and guide the families to forge a new chapter of their lives.",https://www.sgsocialsupport.com/resource/cdG7qAnh-aK,No Content Found,Families impacted by the effects of incarceration due to drug issues,"Value-added services: Child-minded, meals provided, family outing",Please contact the organisation for more details.,"THK Family Service Centre @ Bedok North + − Leaflet | OneMap © contributors | Singapore Land Authority 554 Bedok North Street 3, #01-241  
S460554 6449 1440 terenceong@thkmc.org.sg Website",https://www.sgsocialsupport.com/resource/cdG7qAnh-aK
Prison Support Services (The Salvation Army),"The Salvation Army always has a heart for the least in society. Since our early days, we have been providing prison support services for inmates and their families. Our work with former inmates helps them to reintegrate into the community, stay crime-free and be contributing members of the society.
PRISON SUPPORT SERVICES
We journey with former inmates to enhance their resilience through the development of prosocial life values and choices to reduce their chance of re-offending. We also empower them to tap on available community resources to support their reintegration journey.
HOW WE HELP
Accommodation
Access to housing in stable and safe shelters or temporary residences.
Practical Needs
Meet essential needs such as clothing, toiletries, a phone and an EZ-Link card.
Employment
Guide and support clients to secure and maintain stability in employment.
Relationship Building
Facilitate opportunities to strengthen familial and significant relationships.",https://www.sgsocialsupport.com/resource/LwUPrKUQGUT,No Content Found,Please contact the organisation for more details.,Please contact the organisation for more details.,Please contact the organisation for more details.,"The Salvation Army + − Leaflet | OneMap © contributors | Singapore Land Authority C/O Changi Corps
7 Upper Changi Road North 
S507705 9248 5336 prisonsupport@SMM.salvationarmy.org Website",https://www.sgsocialsupport.com/resource/LwUPrKUQGUT
Project HomeWorks (Habitat For Humanity),"Project HomeWorks: Creating safe &amp; sanitary homes 
To the untrained eye, Singapore might look like a idyllic nation with no housing issues. However, a lot of social problems still exist behind the front doors of the homes with we serve. Many of the vulnerable individuals have little financial means and/or social support, as well as mobility issues that make it difficult to care for themselves, let alone their homes. Driven by Habitat's belief that no human being should live in unsafe, unhygienic or undignified environment, Habitat for Humanity Singapore's Project HomeWorks was launched in 2006. We partner social services to identify such vulnerable persons and families who need help to rehabilitate their homes into a safe and sanitary state. 
During a Project HomeWorks session, we work with volunteers to make homes safer by decluttering items are pose a fire risk or could cause accidents like falls. Homes are also made cleaner by discarding expired food items and clearing pest-infested furniture to improve the health and well-being of our vulnerable elderly and families.",https://www.sgsocialsupport.com/resource/ad2WuJnytLY,No Content Found,"We only accept case referrals for Project HomeWorks from official sources: Government agencies - Ministry of Social and Family Development, Agency for Integrated Care etc. Cluster support and Senior Activity Centres Social workers from Family Service Centres, Social Service Offices etc. Medical social workers from public hospitals, community hospitals etc. If you're from any of these agencies and have a client you'd like to refer to us, please download and fill up this Referral Form via the button below & email it to info@habitat.org.sg Factsheet for our Community Partners Project HomeWorks Referral Form To prevent delay to the referral process, please ensure your form is fully completed.","Upon receiving your partnership request or referral form, our team will - Step 1: Reach out to conduct an Initial Assessment 
Step 2: Conduct a joint home visit to make a detailed assessment of the household and their needs
Step 3: Confirm session date/time and the list of works required
Step 4: Execute the Project HomeWorks session(s) on the actual date(s)
Step 5: Conduct a post-session debrief to update on outcome and any necessary follow-up required. This process spans across 4 to 6 weeks depending on our case load. Due to the high volume of case referrals and intense manpower/ logistics needed, we seek your understanding that priority is given to the most urgent cases first, usually those with pest infestations as that can quickly worsen over time. For less urgent cases, we may need to keep them on hold until we have more case(s) in the area to be combined into a multiple-home Project HomeWorks session.",https://www.habitat.org.sg/community,Project HomeWorks (Habitat For Humanity) info@habitat.org.sg Website,https://www.sgsocialsupport.com/resource/ad2WuJnytLY
Project Refresh (North East CDC),"A collaboration between Young-NTUC and North East CDC, Project Refresh aims to improve the living environment of seniors/low-income families through a series of refurbishment works such as painting, cleaning, decluttering within the North East District through the collaborative efforts of community and corporate partners.
To provide beneficiaries with additional support beyond home refurbishment works, North East CDC also partners with corporate organisations and sponsors to provide essential items such as groceries, household appliances or furniture. Volunteers are also recruited and mobilised to carry out home refurbishment works for beneficiaries, providing them with a platform to help residents in a meaningful way.",https://www.sgsocialsupport.com/resource/CqEZvmnNws7,No Content Found,Please contact the organisation for more details.,Please contact the organisation for more details.,Please contact the organisation for more details.,North East CDC 6424 4000 northeast_cdc@pa.gov.sg Website,https://www.sgsocialsupport.com/resource/CqEZvmnNws7
RAINBOWS (Help Family Service Centre),"RAINBOWS is a peer support programme for children and adults who have experienced death, divorce, separation and abandonment.When a change takes place in the family – whether it is death, divorce, separation, abandonment, or even being born out of wedlock, it has a profound effect on the whole family. Children as well as adults, grieve over the loss of the loved one who was once a part of their everyday lives.RAINBOWS provides the opportunity and a safe environment for grieving children and adults to sort through their pains and confusion, build self-esteem and learn to trust again.Curricula of RAINBOWS:Rainbows – peer support group for children aged 7 -12 yearsSpectrum – peer support group for teens aged 13 – 16 yearsKaleidoscope – peer support group for young adults from single-parent familiesPRISM – for single parents",https://www.sgsocialsupport.com/resource/G35cruLhVmQ,No Content Found,Please contact the organisation for more details.,Please contact the organisation for more details.,Please contact the organisation for more details.,"RAINBOWS (Help Family Service Centre) + − Leaflet | OneMap © contributors | Singapore Land Authority Block 570, Ang Mo Kio Avenue 3
#01-3317 
S560570 Monday – Friday, 9am – 6pm 6457 5188 Website",https://www.sgsocialsupport.com/resource/G35cruLhVmQ
Respite Care (Loving Heart Multi Service Centre),We provide respite care for caregivers to take time-off for self-care.&nbsp;Our befrienders will engage the care recipient loved ones meaningfully by focusing on stimulating their minds and building cognitive capacity.,https://www.sgsocialsupport.com/resource/cJtSE2NgXJ4,No Content Found,Please contact the organisation for more details.,Please contact the organisation for more details.,Please contact the organisation for more details.,"Respite Care (Loving Heart Multi Service Centre) + − Leaflet | OneMap © contributors | Singapore Land Authority BLK 210 Jurong East Street 21, #01-389 
S600210 6897 4766 hello@lovingheart.org.sg Website",https://www.sgsocialsupport.com/resource/cJtSE2NgXJ4
SG Blessing Bakers,"We are a group of volunteer home bakers keen to spread some cheers to Public Assistance/Blue Chas Card families.
This Group is set up for 2 purposes:

Recruiting bakers willing to bake to bless
We welcome all bakers to join us for this happiness sharing to bless their bakes to low income families. Please contact Admin Minnie
Public Assistance/Blue Chas Card family requesting bakes for their family
If you are having some celebrations that needs a bake (Eg rewarding your kid for good results/birthday..) or keen to pick up our bakes when our bakers post their bakes, please read our House Rules and Q for it.",https://www.sgsocialsupport.com/resource/egEz2jJgsFc,No Content Found,Please contact the organisation for more details.,Please contact the organisation for more details.,Please contact the organisation for more details.,SG Blessing Bakers Website,https://www.sgsocialsupport.com/resource/egEz2jJgsFc
SIMCharge (Single Mothers in-charge),"SIMCharge Groupwork seeks to champion and empower female single parents in their efforts to strengthen their social and emotional well-being. Beyond enhancing the caregiving abilities of participants, the programme will also educate and share community resources and support that participants can tap on in their journey.",https://www.sgsocialsupport.com/resource/NcVzvKg48S3,No Content Found,Female single parents who are facing difficulties in managing their life stressors and seeking support from ladies who could understand their challenges,Please contact the organisation for more details.,Please contact the organisation for more details.,"Mindy Ding (THK Family Service Centre @ MacPherson) + − Leaflet | OneMap © contributors | Singapore Land Authority 91 Paya Lebar Way #01-3023 
S370091 6741 4255 mindyding@thkmc.org.sg Website",https://www.sgsocialsupport.com/resource/NcVzvKg48S3
Strengthening Families Programme @Family Service Centre (Fei Yue – Choa Chu Kang),"The Ministry of Social and Family Development (MSF) funds Fei Yue to run the Strengthening Families Programme or FAM@FSC for short. We help individuals, couples and families in the areas of marriage preparation, marital support, divorce support and family counselling to address family relationship and marital issues. We help individuals, couples and families, discover and understand the issues and concerns they are experiencing, and explore ways to resolve their practical, social and emotional difficulties. We empower individuals, couples and families to take steps to improve family relationships and transform their lives. We encourage families to come forward early to discuss their challenges so that family relationship issues do not fester and deteriorate.
We serve families and their children who are Singaporeans, Permanent Residents and non-residents with at least one member of the family who is a Singapore Citizen or a Permanent Resident. Our counselling services are provided free. FAM@FSC (Fei Yue – Choa Chu Kang) supports families living in Bukit Batok/ Bukit Panjang/ Choa Chu Kang.
Counselling could include

Marital issues
Divorce issues
Strained relationship with child(ren)
Conflicts with family members",https://www.sgsocialsupport.com/resource/2kg6ny6U5aR,No Content Found,"Families and their children who are Singaporeans, Permanent Residents and non-residents with at least one member of the family who is a Singapore Citizen or a Permanent Resident.",Please contact the organisation for more details.,"Contact Fei Yue: Blk 281 Choa Chu Kang Ave 3 #01-348 Singapore 680281 Tel: 62355229 Fax: 6235 5224 Email Address: fam@fycs.org For inter-agency referrals to Fei Yue FAM@FSC, please send the completed form to FAM@fycs.org.","FAM@FYCCS + − Leaflet | OneMap © contributors | Singapore Land Authority Blk 281 Choa Chu Kang Ave 3
#01-348 
S680281 Monday to Friday, 9.30am-6pm (Last call-in and walk-in at 5pm) 6235 5229 fam@fycs.org Website",https://www.sgsocialsupport.com/resource/2kg6ny6U5aR
SYM Academy - PPIS,"Family Therapy
SYM Academy is a practice academy specialising in family therapy and other therapeutic family-related work for individuals and couples, and training programmes for professionals working with families. As an advocate for the welfare of women and children and a firm believer that family is an integral aspect of human society, we offer trainings, education and family therapy to spread awareness and educate the public. This is such that many can continue to benefit from the work of family therapy, improve relationships among family members and resolve family conflicts amicably.
Family therapy is the centre of our family-related programmes here at PPIS. We believe that through informed and emphatic intervention, domestic issues and conflicts will be resolved and reduced for the sake of the children in the household.",https://www.sgsocialsupport.com/resource/M-tJpPDnZnE,No Content Found,Please contact the organisation for more details.,Please contact the organisation for more details.,Fill up form at https://ppis.sg/sym.,"SYM Academy + − Leaflet | OneMap © contributors | Singapore Land Authority Blk 322, Ubi Avenue 1, #01-591 
S400322 6745 0613 hello@sym.academy Website",https://www.sgsocialsupport.com/resource/M-tJpPDnZnE
The Men’s Helplink (Helplink),"The need for services for men in SingaporeResearch shows that men are most often the perpetrators of domestic violence AND men can be victims of abuse too.The use of violence is often a learned behavior and a learned attitude that views the use of &nbsp;violence as an appropriate means to gain controI and security.SAFV recognizes that there are unmet needs and concerns that perpetrators of domestic violence face and societal stigmas that prevent men (whether victims or perpetrators) from seeking help.This is where The Men’s Helplink can help.In order to stop the cycle of violence, it is imperative that men who want to change and stop using violence against their partners receive help and support. It is equally important to support men who are experiencing violence in their relationships.SAFV is here for you! &nbsp;",https://www.sgsocialsupport.com/resource/8ScGfm4EnVF,No Content Found,Please contact the organisation for more details.,Please contact the organisation for more details.,Please contact the organisation for more details.,The Men’s Helplink (Helplink) admin@safv.org.sg Website,https://www.sgsocialsupport.com/resource/8ScGfm4EnVF
Vista Sakinah - PPIS,"PPIS Vista Sakinah offers special services for couples and step families who are about to re-enter the realm of remarriage through marriage preparation courses, private consultations, and workshops for step families who want to improve the quality of their family life, as well as children who may need support in adjusting themselves with the life of their step families. Remarriage and caring for step families can be a more complex relationship building as compared to first marriages. Thus, we are offering assistance to help step families adjust well with one another and build a stable and healthy relationship among each of the members. At PPIS Vista Sakinah, training is also provided for social workers and counsellors to hone their communication skills whilst dealing with issues related to step families.",https://www.sgsocialsupport.com/resource/-SgfEqJveWx,No Content Found,Please contact the organisation for more details.,Please contact the organisation for more details.,Fill up form at https://ppis.sg/vistasakinah.,"PPIS Vista Sakinah + − Leaflet | OneMap © contributors | Singapore Land Authority Blk 549, Woodlands Drive 44, #01-86 
S730549 6891 3090 vistasakinah@ppis.sg Website",https://www.sgsocialsupport.com/resource/-SgfEqJveWx
