Name,Description,Link,Full Content,Who can apply,What to expect,How to apply,Contact,Source URL
Carehaven (The Salvation Army),We provide a residential care programme for foreign domestic workers who are caught in challenging circumstances and require shelter. We also serve as an advocate for safe migration practices to help foreign domestic workers return safely to their home country.,https://www.sgsocialsupport.com/resource/uGvqDMpBYxe,No Content Found,Please contact the organisation for more details.,"Counselling
Guidance and counselling help foreign domestic workers cope with their challenges. Language Classes
Equip them with basic English language skills for better communication. Enrichment Programmes
Engage them with meaningful activities such as singing, games and handicraft sessions. Upskilling
Upskill them by furnishing them with employable skills such as basic computer skills. Spiritual Care
Pastoral support and activities help uplift the lives of the domestic workers.",Please contact the organisation for more details.,"Carehaven (The Salvation Army) + − Leaflet | OneMap © contributors | Singapore Land Authority C/O The Salvation Army Territorial Headquarters
20 Bishan Street 22 
S579768 6555 0188 carehaven@smm.salvationarmy.org Website",https://www.sgsocialsupport.com/resource/uGvqDMpBYxe
Casework & Social Services (Healthserve),"Casework SupportHealthServe provides casework support to migrant workers with work injury claims and legal, criminal or employment-related issues. Each year, we assist on hundreds of cases.Our caseworkers follow up on each case closely, even accompanying workers to the hospital for their checkups and medical assessments. With the help of the Ministry of Manpower, hospitals, pro bono lawyers and other community organisations, we are working towards creating a Singapore where everyone is treated fairly.Social ServicesFor many workers, the waiting period for work injury compensation or dispute resolution may last several months to more than a year. During this period, workers on Special Passes are not allowed to work and receive no income.It can be difficult for them to afford daily necessities. To meet these needs, HealthServe offers a variety of social assistance to these unemployed migrant workers, including free meals, phone and transport expenses and emergency funds. Outreach &amp; EngagementWe aim to build a community where migrant workers feel accepted and supported. We partner community organisations, corporations, and churches to host health carnivals and community events for our migrant friends. From informative health screenings to fun and meaningful celebrations, these initiatives never fail to put a smile on their faces.We also continue to reach out to migrant workers in their dormitories to befriend them and inform them of their rights and resources available to them.",https://www.sgsocialsupport.com/resource/Jvs5d3LdPCV,No Content Found,Please contact the organisation for more details.,Please contact the organisation for more details.,Please contact the organisation for more details.,"Healthserve + − Leaflet | OneMap © contributors | Singapore Land Authority 1 Lorong 23 Geylang #01-07 Building 4 
S388352 info@healthserve.org.sg Website",https://www.sgsocialsupport.com/resource/Jvs5d3LdPCV
Counselling Service (Foreign Domestic Worker Association for Social Support and Training),FAST provides counselling service to Migrant Domestic Workers.  Our trained counsellors are professionals who volunteer their services to help MDWs during the weekend day off.,https://www.sgsocialsupport.com/resource/vcvDGR49znc,No Content Found,Please contact the organisation for more details.,Please contact the organisation for more details.,"Counselling times are scheduled on given dates.  MDWs or employers wishing to book time with our counsellors can do so by checking the Active Schedule. To book, you need to provide your contact details either by logging into your account or to use the Guest booking option.",Foreign Domestic Worker Association for Social Support and Training (FAST) contact@fast.org.sg Website,https://www.sgsocialsupport.com/resource/vcvDGR49znc
FareGo (TWC2),"Unable to work, injured workers often find themselves with a financial problem in addition to their worries over recovery. In theory, they are entitled to salary or medical leave wages (if the doctor has prescribed medical leave), but in reality, bureaucratic or other reasons often mean payment is badly delayed. Moreover, because of their low salaries, they have no savings. Virtually broke, injured workers find that they do not even have the means to pay for transport to the hospital for their medical appointments or physiotherapy.&nbsp; They simply don’t have money for transport.TWC2’s FareGo programme provides small sums to injured workers so that they can top up their transport fare cards. Strict qualifying criteria are applied: Applicants must be able to demonstrate that they are not allowed to work, that they have an upcoming medical appointment and that a stipulated exclusion period (since the last top-up) has passed.Although at an individual level, the subsidies provided are small, the total amount adds up to over $30,000 annually since there are so many workers in need.",https://www.sgsocialsupport.com/resource/ZFWzNeAPfhT,No Content Found,Please contact the organisation for more details.,Please contact the organisation for more details.,Please contact the organisation for more details.,"FareGo (TWC2) + − Leaflet | OneMap © contributors | Singapore Land Authority 180B Bencoolen Street #09-01
The Bencoolen 
S189648 Our office is open from 9:30am to 6:00pm Monday to Friday except public holidays. However, we have a hybrid work-from-home arrangement and not all staff are in on all days. It is therefore advisable t 6247 7001 info@twc2.org.sg Website",https://www.sgsocialsupport.com/resource/ZFWzNeAPfhT
Financial Management Courses for Foreign Domestic Workers (Aidha),"Aidha offers courses for domestic workers in money management, communication, computer and entrepreneurship.Aidha’s mission is to help migrant domestic workers and low-income Singaporean women achieve economic independence through financial education, wealth creation and entrepreneurship.",https://www.sgsocialsupport.com/resource/5KGXBVQF6Sb,No Content Found,Please contact the organisation for more details.,Module 1 - Manage Your Money & Tech Module 2 - Plan Your Financial Future Module 3 - Start Your Business Aidha Business Accelerator Programme,"Aidha’s courses are designed to build helpers’ confidence in themselves and their future. Students learn how to save and invest, how to speak and present themselves confidently, and how to start a business. Courses start regularly and are led by trained volunteer mentors. All learning and teaching materials are provided.",Aidha 6341 5287 Website,https://www.sgsocialsupport.com/resource/5KGXBVQF6Sb
Humanitarian Organization for Migration Economics,"Founded in 2004 by the late Ms Bridget Tan, HOME (Humanitarian Organization for Migration Economics) is dedicated to supporting and empowering migrant workers who experience abuse and exploitation. Three pillars guide us: Welfare, Empowerment and Advocacy. We work with corporations, government agencies and community partners to promote inclusion, justice, equality and dignity for all.WelfareHelpdesk&nbsp;HOME operates a number of specialised helpdesks for all migrant workers seeking assistance. Our team of trained caseworkers and volunteers offer advice to workers unsure of their rights and options. Additionally HOME can assist with managing the end-to-end process of workers’ cases, supporting them to seek recourse, whether that be legal, medical, financial or psychological.Shelter HOME offers a place of refuge and social support for all vulnerable domestic workers. Many of our residents have experienced abuse and exploitation, and a number are in the process of seeking legal recourse or resolving disputes with their employers. With space for around 50 workers at any one time, the shelter residents may stay for periods of a few days to over a year, depending on the speed in which their cases are processed. In many instances, HOME’s shelter is their only place of sanctuary at a time when many have no way to support themselves, nor anywhere to stay in Singapore during their period of crisis. We seek to restore their dignity through holistic programmes and provide a variety of activities and services, from English classes to counselling sessions.Medical Treatment HOME offers subsidised dental services and outpatient treatment for our shelter residents.Legal AidHOME provides free legal aid for workers in Singapore and continues to assist them on return to their country of origin.EmpowermentHOME Academy With the aim of empowering domestic workers in Singapore, HOME Academy offers a variety of educational and vocational training programmes. Courses include English language, computer literacy, cooking, cosmetology, baking, caregiving, dressmaking, and financial literacy. Many of our courses are run by volunteer domestic workers with specialised skills and a passion for empowering others.AdvocacyHOME is a leading proponent of migrant workers’ rights in Singapore and aims to increase awareness of their situation through public education and campaigns on issues affecting the migrant worker population. Through our advocacy work we hope to help bring about changes to improve the lives of migrant workers in Singapore.HOME seeks to gain greater insight into the lives of migrant workers and the issues that affect them and we carry out research projects into the employment and living conditions of migrant workers in Singapore. Find out more here.ImpactOur helpdesks provide employment advice, legal aid, financial assistance, and medical services to approximately 2,000 workers every year. At the HOME Shelter, we house an average of 700 migrant domestic workers who are victims of abuse and exploitation. An additional 1,600 women, on average, attend our skills training courses every year.Our role in advocacy has led to changes to laws and policies in Singapore, such as the Employment of Foreign Manpower Act, the Employment Act, Foreign Employees Dormitory Act, and the Prevention of Human Trafficking Act. HOME actively campaigns for a mandatory weekly day-off for domestic workers and victim-centred human trafficking legislation.",https://www.sgsocialsupport.com/resource/EaWxe6yug2x,No Content Found,Please contact the organisation for more details.,Please contact the organisation for more details.,Please contact the organisation for more details.,"Humanitarian Organization for Migration Economics Operating hours: 10am-6pm, Monday to Friday
Office is closed on weekends and public holidays 6344 0224 helpdesk01@home.org.sg Website",https://www.sgsocialsupport.com/resource/EaWxe6yug2x
Mediation Service (Foreign Domestic Worker Association for Social Support and Training),"FAST is a registered service provider with the Singapore International Mediation Service (SIMI) and recognised by the Ministry of Manpower.  Certified Mediators provide mediation service to help MDWs, employers, and employment agencies resolve disputes in an amicable manner.",https://www.sgsocialsupport.com/resource/qhAMFU7KeEh,No Content Found,Please contact the organisation for more details.,Please contact the organisation for more details.,"Mediation Services are scheduled on given dates but can also be provided on an ad-hoc basis.  Parties wishing to book available mediation service can either check the Active Schedule or contact FAST at socialsupport@fast.org.sg To book, you need to provide your contact details by logging into your account or use the Guest booking option.","Foreign Domestic Worker Association for Social Support and Training (FAST) + − Leaflet | OneMap © contributors | Singapore Land Authority FAST Clubhouse Centre

3 Chin Cheng Avenue 
S429401 contact@fast.org.sg Website",https://www.sgsocialsupport.com/resource/qhAMFU7KeEh
Medical and Dental Services (HealthServe),"Healthcare is the heartbeat of HealthServe. Each year, thousands of migrant workers walk through the doors of our community and dental clinic located in Geylang.
Our clinics offer subsidised health services to low-wage migrant workers with inadequate health assistance. We primarily support migrant workers in the construction, marine and process (CMP) sector. 
On top of providing medical and dental care, we also offer specialist consultations (orthopedics, dermatology) and rehabilitation services (occupational therapy, physiotherapy).
For both consultation and medication, patients only need to pay a flat fee of $8 for acute conditions and $15 for chronic disease care and dental services. Fees are waived for migrant workers who are Special Pass holders or those who have been referred by other partner NGOs.",https://www.sgsocialsupport.com/resource/6ghSmZLLE4V,No Content Found,Please contact the organisation for more details.,Please contact the organisation for more details.,Please contact the organisation for more details.,"Dental Clinic (Healthserve) + − Leaflet | OneMap © contributors | Singapore Land Authority 1 Lorong 23 Geylang, #01-07 Building 4 
S388352 Monday, Friday: 10.00am – 1.30pm; 2.30pm – 6.00pm
Tuesday, Thursday: 6.30pm – 9.30pm

Closed on other days and public holidays.

By appointment only. Please call HealthServe’s 24-hour helpline: 3129 5 3129 5000 info@healthserve.org.sg Website Medical Clinic (Healthserve) + − Leaflet | OneMap © contributors | Singapore Land Authority 1 Lorong 23 Geylang, #01-07 Building 4 
S388352 Priority given to migrant workers who are not under MOM’s Primary Care Plan (PCP)

Opening hours:
Tuesday, Thursday: 6.30pm – 9.30pm

Closed on other days and public holidays. 3129 5000 info@healthserve.org.sg Website",https://www.sgsocialsupport.com/resource/6ghSmZLLE4V
Medical Care (TWC2),"In a typical year, the largest of our Care Fund programmes goes to providing medical care. Whilst the law obliges employers to purchase insurance and thereby provide medical care, the law also sets out maximum limits to this obligation. There is a cap on how much medical costs need be borne by employers for injuries or illnesses. The cap is not unrealistic — in the main, almost all cases would not require more medical care than permitted by the cap.Invariably however, there will be outliers. These would be workers who have suffered such severe injures, necessitating major brain surgery or reconstructive surgery, for example, that costs far exceed the amount employers are obliged to pay for. From time to time too, workers come down with illnesses that may require long stays in hospitals or complex treatment, again beyond the legal cap.Some employers go well beyond their legal obligation, picking up the tab for extra medical care. Others do not. And that’s where TWC2 has to come in, on a humanitarian basis to ensure that the ill or injured worker does not see his treatment truncated and his suffering prolonged.TWC2 weighs each case very carefully. High priority is given to cases where surgery or medical treatment has a high chance of restoring the patient to an active working life so that he or she can continue to be a breadwinner. Where the prognosis is poor, we scale our support accordingly.",https://www.sgsocialsupport.com/resource/w3kaMayrxnQ,No Content Found,Please contact the organisation for more details.,Please contact the organisation for more details.,Please contact the organisation for more details.,"Medical Care (TWC2) + − Leaflet | OneMap © contributors | Singapore Land Authority 180B Bencoolen Street #09-01
The Bencoolen 
S189648 Our office is open from 9:30am to 6:00pm Monday to Friday except public holidays. However, we have a hybrid work-from-home arrangement and not all staff are in on all days. It is therefore advisable t 6247 7001 info@twc2.org.sg Website",https://www.sgsocialsupport.com/resource/w3kaMayrxnQ
Mental Health & Counselling Services (Healthserve),"Leveraging HealthServe’s medical expertise, our multi-level mental health programme was launched in 2019 and is the first of its kind in Singapore, aimed at supporting the mental and emotional well-being of the migrant worker community.
HealthServe’s Mental Health &amp; Counselling Services team provides a full range of services from Singapore’s first 24-hour crisis helpline for workers to individual counselling services and large group psychoeducation workshops.
An advocate of Asset-Based Community Development, we work closely with ecosystem stakeholders – including government agencies, hospitals, industry associations, dormitories and employers – to support and strengthen migrant workers’ mental well-being. Together, we strive to empower our migrant community to take charge of their own health.",https://www.sgsocialsupport.com/resource/yhBh26ExNnF,No Content Found,Please contact the organisation for more details.,Please contact the organisation for more details.,Please contact the organisation for more details.,"Healthserve + − Leaflet | OneMap © contributors | Singapore Land Authority 1 Lorong 23 Geylang, #01-07 Building 4 
S388352 info@healthserve.org.sg Website",https://www.sgsocialsupport.com/resource/yhBh26ExNnF
Omega Program for Migrant Domestic Workers (Brahm Centre),"As primary caregivers in the community, Migrant Domestic Workers (MDWs) are critical in supporting our fast-ageing population as it grows older. Employers, too, need to nurture healthy and stable relationships with their MDWs and improve the way they manage the MDWs.To that end, Brahm Centre has introduced a caregiver program called Omega, aimed at empowering MDWs in Singapore. Omega enhances their value to their employers and their overall welfare through the upgrade of skills of MDWs. In this way, the MDWs are better able to assimilate into Singaporean culture and to build a stronger support network.This initiative will initially be focused on Burmese- and Indian-speaking MDWs before being extended to other groups of MDWs.The program comprises classes and workshops, including:Conversational English classesConversational Mandarin classesCaregivingPersonal groomingSocial gatheringsBefriending activitiesDigital learning",https://www.sgsocialsupport.com/resource/FHk7R7B-FC6,No Content Found,Please contact the organisation for more details.,Please contact the organisation for more details.,Do you have any questions? We would love to hear from you. Myanmar Citizens - +65 8427 5196 Indian Citizens - +65 98949505,"Omega Program for Migrant Domestic Workers - Brahm Centre + − Leaflet | OneMap © contributors | Singapore Land Authority Blk 148 Simei Street 1, #01-121

 
S520148 6786 0800 Website",https://www.sgsocialsupport.com/resource/FHk7R7B-FC6
Professional Counselling (Oogachaga),"One of our key services is professional counselling, provided by a team of staff members and volunteers qualified in counselling, social work and psychology.The counselling service was launched in 2000, with a focus on LGBTQ+ clients and LGBTQ-related issues.We work primarily with LGBTQ+ individuals, couples and families, including their non-LGBTQ+ family members and partners. We do this in a confidential and safe environment, including the Oogachaga office and/ or using secure online platforms.Professional counsellorsOur team of professional counsellors come from diverse backgrounds, all of whom adopt an approach that is guided by gay-affirmative practice (Crisp, 2007)&nbsp;and other LGBTQ-affirming professional practices.&nbsp;&nbsp;Counsellors receive regular clinical group supervision. All staff members and volunteers are expected to abide by the Oogachaga Code of Ethics.Collectively, our counsellors have experience working with clients on the following issues:Sexual orientation and gender identityRelationships with family members and partnersMental health, psychological well-being, self-harm and suicideSexuality, sexual behaviour and sexual healthPersonal issues, including coping with school, National Service and employmentOther issues, including intimate partner violence, addictions, grief and loss",https://www.sgsocialsupport.com/resource/EcM4PtBu2-f,No Content Found,Please contact the organisation for more details.,Please contact the organisation for more details.,"Counselling fees In order to cover our operating costs, we charge a fee of $100 for each counselling session. If you are a full-time student or National Serviceman, on low income, or in some financial need, please let us know when you contact us. We would like to make our counselling services affordable and accessible to those who need it. We raise funds from the community to subsidy counselling fees for those who may need it. If you can contribute, please also consider making a donation here . Requesting an appointment (updated December 2023) Currently there is a 1 to 2 month wait for a professional counselling appointment, due to high demand. Please continue to access the WhatsApp and Email counselling services while waiting for an appointment. We are very sorry for the inconvenience. To request a counselling appointment, please submit an online form by clicking on the button below. We will email you within 3 to 5 working days, so please check your email inbox & spam folder. Book Appointment","Oogachaga + − Leaflet | OneMap © contributors | Singapore Land Authority 57B Pagoda Street 
S059216 6224 9373 Website",https://www.sgsocialsupport.com/resource/EcM4PtBu2-f
Project Roof (TWC2),"Under the law, employers are required to continue to house their former employees till their cases are concluded and they go home or they have found a new job. In reality, workers — in the hundreds and maybe thousands — find it impossible to stay on in company quarters. They report a climate of intimidation and constant fear that the company would send in strong-armed repatriation agents in the middle of the night, seizing them and bundling them off to the airport against their will. These fears are not unfounded. TWC2 has heard many first-hand reports of such repatriation tactics. In any event, it is entirely conceivable that some companies may try all means to avoid the cost of housing their workers by making it difficult for them to stay on.Workers who flee company accommodation may borrow money from friends and relatives to rent a bunk space. But there are some with neither willing friends or relatives in Singapore.Project Roof helps subsidise their rent. The men find their own accommodation — typically a bunk in a crowded tenement in Little India — and, subject to eligibility criteria and financial limits set out in our programme, we help pay for it.It goes without saying that there are far more workers in need of such assistance than we can provide. Consequently, we apply strict criteria, chief of which is the severity of a worker’s &nbsp;injury. Top of the queue would be those who have recently had major surgery, or have suffered a serious injury compromising his mobility and ability to help himself.",https://www.sgsocialsupport.com/resource/47P26jWPLGU,No Content Found,Please contact the organisation for more details.,Please contact the organisation for more details.,Please contact the organisation for more details.,"Project Roof (TWC2) + − Leaflet | OneMap © contributors | Singapore Land Authority 180B Bencoolen Street #09-01
The Bencoolen 
S189648 Our office is open from 9:30am to 6:00pm Monday to Friday except public holidays. However, we have a hybrid work-from-home arrangement and not all staff are in on all days. It is therefore advisable t 6247 7001 info@twc2.org.sg Website",https://www.sgsocialsupport.com/resource/47P26jWPLGU
SG Accident Help Centre,"Sometimes, it’s not that we Singaporeans don’t care but we are a busy lot. If it’s not work, it’s the family. If it’s not our family, then it’s our handphone. We’re simply overworked, too tired and distracted to show that we care for our migrant brothers.
Maybe you are different. You can spare a couple of hours a week and want to do something to help these out-of-work injured workers. We’re here for you. We’re here for the hurting and unemployed migrant workers too. So we know how you can help to relieve some of their pain.
Our Mission

Providing holistic care for injured Singaporeans and migrant workers in our community
Educating employed workers on workplace safety and injury prevention
Helping the jobless and injured to learn a new trade",https://www.sgsocialsupport.com/resource/QtQw7KvuteZ,No Content Found,Please contact the organisation for more details.,"THERAPY
We use physiotherapy, occupational therapy and TCM to aid the recovery of injured migrant workers FOOD PROGRAMMES
For those who are hungry and can't afford to pay.
This assistance is geared towards workers who come for treatments at our office and those who aren't very mobile, largely confined to their dormitories. Transportation assistance
For hurt workers who are so badly injured they can't come for regular treatment on their own or don't have the MRT/bus fare to get here.",Please contact the organisation for more details.,SG Accident Help Centre 6 Flanders Square 6291 0751 mailbox@sgaccident.org.sg Website,https://www.sgsocialsupport.com/resource/QtQw7KvuteZ
Sojourn (The Salvation Army),We befriend and engage the male migrant worker community in Singapore to enhance their quality of life and improve the social integration between the local and migrant communities. We also advocate safe migration practices specific to migrant workers to reduce the risks of human trafficking and exploitation.,https://www.sgsocialsupport.com/resource/LhjY6HY5fTG,No Content Found,Please contact the organisation for more details.,"Counselling
Emotional support and counselling help migrant workers overcome isolation and depression. Skills Development
Basic English and computer skills are taught to boost their future employability chances. Soup Kitchen
Meals are provided to migrant workers who are in need. Recreational Activities
Various events and activities are organised to bring the migrant and local communities closer. Access to Support
Together with our partners, we provide access to support in areas such as accommodation, medical, physiotherapy and advocacy services. Spiritual Care
Pastoral support and activities help uplift the lives of the migrant workers.",Please contact the organisation for more details.,"The Salvation Army + − Leaflet | OneMap © contributors | Singapore Land Authority 14 Flanders Square 
S209301 6631 8900 sojourn@smm.salvationarmy.org Website",https://www.sgsocialsupport.com/resource/LhjY6HY5fTG
St. Andrew's Migrant Worker Medical Centre,"The Coronavirus Disease 2019 (COVID-19) pandemic highlighted the importance of medical care for everyone including ensuring the well-being of migrant workers in Singapore.The mission of St. Andrew’s Mission Hospital (SAMH) is to provide holistic care and healing to the underserved and disadvantaged.From 2012 till just before the start of the COVID-19 pandemic, St. Andrew’s Community Hospital, a service of SAMH, with support from St. Andrew’s Cathedral Medical Fellowship as well as volunteer doctors, nurses and support staff,&nbsp;was operating a regular free mobile clinic service for migrant worker dormitories.To provide better health care to migrant workers, SAMH has partnered&nbsp;the&nbsp;Estate of Khoo Teck Puat,&nbsp;the Estate of&nbsp;Ng Teng Fong and&nbsp;the Singapore Business Federation Foundation&nbsp;to&nbsp;set up a purpose-built and&nbsp;pandemic-ready&nbsp;medical&nbsp;centre&nbsp;offering the full-range of primary care services. St. Andrew’s Migrant Worker Medical Centre (SAMWMC) is the first of six medical centres for Migrant Workers that the Ministry of Manpower has planned as part of a new and integrated primary medical care plan for all migrant workers in Singapore.From 1 April 2022, employers must purchase a Primary Care Plan (PCP)&nbsp;as part of work pass requirements for Work Permit and S Pass holders who live in dormitories, or who work in the Construction, Marine Shipyard and Process (CMP) sectors. SAMH is one of the PCP anchor operators.For the St. Andrew’s Migrant Worker Medical Centre Brochure, please click here.For information on St. Andrew’s Migrant Worker Medical Centre and Primary Care Plan, please click here.For Corporate User Guide to the Portal, please click here.For Employee Excel Template, please click here.For information on appointment booking, please click here.For the Pinnacles SG App and User Guide, please click here.",https://www.sgsocialsupport.com/resource/qb6wcg986A8,No Content Found,Please contact the organisation for more details.,Services Medical consultation and treatment Dental consultation and treatment Minor Surgery Mental Health Services Physiotherapy Occupational Therapy Vaccination services X-ray services Laboratory services Swab services Pharmacy,Please contact the organisation for more details.,St. Andrew's Migrant Worker Medical Centre Website,https://www.sgsocialsupport.com/resource/qb6wcg986A8
The Cuff Road Project (TWC2),"TWC2’s free meals programme is called The Cuff Road Project. Begun in March 2008, it is the largest of TWC2’s direct services. (Other programmes are described in the section Care Fund Programmes.)Based in Little India, The Cuff Road Project offers a free breakfast and an ample dinner every weekday. On Saturday, the meal provided is lunch. Our eligibility criteria are straightforward: clients should be documented migrant workers who are out of a job.Why is there a need? Migrant workers who are in dispute with their employers, or are injured, have no family here to fall back on. Although the law requires employers to provide “upkeep and maintenance”, which in practice may be understood to mean accommodation and food, the reality is that when the relationship has turned acrimonious, employers may not fulfill their obligations willingly. Workers report facing enormous pressure to leave their dormitories. They also fear that continuing to stay in company housing exposes them to the risk of forcible repatriation before they’ve received their due salaries or injury compensation. Many workers thus leave or are forced out of dormitories.They may have to borrow from friends to pay the monthly rent for a bunk. This leaves them with no margin to pay for adequate food. Especially when they are already injured, poor nutrition may retard their recovery.TWC2’s Cuff Road Project thus makes an important difference.On average, we serve 400 – 500&nbsp; workers a day.TWC2’s volunteers are stationed at the food point so that workers have someone to talk to and consult. We give advice on what rights and options they may have, and how they can pursue their cases. Our volunteers also monitor their progress.The statistics that we compile from the cases we see at the Cuff Road Food Programme give us an overall picture of the kinds of difficulties and the scale of exploitation and abuse workers suffer. This knowledge informs our advocacy work.",https://www.sgsocialsupport.com/resource/rAwPE-5d6c4,No Content Found,Please contact the organisation for more details.,Please contact the organisation for more details.,Please contact the organisation for more details.,"The Cuff Road Project (TWC2) + − Leaflet | OneMap © contributors | Singapore Land Authority 180B Bencoolen Street #09-01
The Bencoolen 
S189648 Our office is open from 9:30am to 6:00pm Monday to Friday except public holidays. However, we have a hybrid work-from-home arrangement and not all staff are in on all days. It is therefore advisable t 6247 7001 info@twc2.org.sg Website",https://www.sgsocialsupport.com/resource/rAwPE-5d6c4
The Greenhouse Community Services Ltd,"The Greenhouse is a trauma and addiction recovery centre in Singapore for marginalised and vulnerable communities, such as those who are LGBT, ethnic minority, HIV+ or formerly incarcerated. Our approach is data-driven, evidence-based and trauma-responsive. In addition to helping our clients recover, we advocate for competent and compassionate care in Singapore and empower caregivers in supporting loved ones who struggle with drugs or alcohol.Our team carries out an initial assessment with the service user to:-Provide basic addiction and recovery informationDetermine usage nature and patternExplore possible cause(s) of addictionLay out different recovery optionsCreate a recovery plan together based on what is discoveredAssessment is carried out at the beginning of recovery, and is repeated as required.",https://www.sgsocialsupport.com/resource/xKnaGTMfRgP,No Content Found,Please contact the organisation for more details.,"PEER SUPPORT PROGRAMME Peer support is an evidence-based practice with proven results. Our trained volunteers offer psychosocial support to new clients who need help navigating the various recovery resources. Leveraging on lived experience, our peer support volunteers share knowledge and model recovery to facilitate change. INDIVIDUAL COUNSELLING Counselling helps to address underlying issues that cause addiction in a person-centric manner. It is especially helpful in addressing acute issues or issues that may be too personal to address in a group setting. We provide in-house counselling by professional counsellors. GROUP THERAPY Facilitated by trained professionals, group therapy is an important means of examining the way we relate to ourselves and others, so as to establish healthy and helpful ways of relating. This is especially important when the crutch of drugs and alcohol have been removed, and acts as a future template for the ways we relate to others outside of a recovery setting. COMMUNITY ACTIVITIES A sense of connection is important to recovery, and we emphasise community support as a means of ensuring that we do not feel alone in our struggles. We take great pains to foster a strong sense of community amongst our clients. Casual outings and festive celebrations help us safely build support networks that last. CHAT GROUP Our Greenhouse chat group provides a simple and convenient way to stay connected throughout the day. It is also a great way of getting support whenever we need to reach out for help. Checking in, sharing recovery information, as well as our daily victories and struggles, helps us build healthy coping mechanisms that replace harmful behaviours. CASE MANAGEMENT Because recovery can be a complex, long term process with many parts to it, we have a robust case management process in place to:- Track progress of recovery Conduct periodic assessments with the service user Recommend adjustments to recovery plan as needed Prompt service users of steps that need to be taken Our case management service helps to simplify the process and provide a seamless experience of recovery from end to end. REFERRAL Referral to medical care that is accepting and non-judgemental is an integral part of our integrated consultation strategy. These may include referral for:- Detox (for heavy users who require medical supervision in order to safely stop using) Testing and/or treatment of HIV and/or other sexually transmitted infections Assessment and/or treatment of mental health conditions Trauma-specific counselling Other general health issues We have established professional referral arrangements with a network of relevant and reliable service providers. This helps to ensure that our customised interventions are holistic and integrated.",Please contact the organisation for more details.,The Greenhouse Community Services Ltd Website,https://www.sgsocialsupport.com/resource/xKnaGTMfRgP
Wednesday Clinic (TWC2),"In Singapore, dispute resolution avenues for injury or salary claims are typified by a two- or three-stage process.For injury cases, the first stage comprises administrative processes under the Ministry of Manpower, keeping costs low for the claimant workers. Should one party disagree with the outcome of this stage, an appeal can be made to the courts — this would be the second stage.For salary cases, the first stage involves mediation organised by the Tripartite Alliance for Dispute Management (TADM). If this proves fruitless, the case moves on to the Employment Claims Tribunal (ECT) for adjudication. No legal representation is allowed at either TADM or the ECT.These initial stages in both injury and salary cases may not require much in terms of financial outlay by claimant workers, though extensive casework support is often needed. Our Wednesday Clinic team provides this intensive support, helping migrant workers overcome educational, language or evidentiary disadvantages during these administrative stages. For example, many are unable to calculate exactly how much they are owed, or how to tease out arguments from whatever documents they have.It is when a case goes beyond the administrative stages to the High Court, in the form of appeals, that costs kick in. Most cases don’t get this far, but when they do, the financial weakness of migrant workers becomes a barrier to accessing justice. They need legal representation and there are all sorts of costs to be borne, e.g. filing fees, production or extraction of documents, forensic reports, fees for expert witnesses, etc.",https://www.sgsocialsupport.com/resource/RDwFW8W4H5G,No Content Found,Please contact the organisation for more details.,Please contact the organisation for more details.,Please contact the organisation for more details.,"Wednesday Clinic (TWC2) + − Leaflet | OneMap © contributors | Singapore Land Authority 180B Bencoolen Street #09-01
The Bencoolen 
S189648 Our office is open from 9:30am to 6:00pm Monday to Friday except public holidays. However, we have a hybrid work-from-home arrangement and not all staff are in on all days. It is therefore advisable t 6247 7001 info@twc2.org.sg Website",https://www.sgsocialsupport.com/resource/RDwFW8W4H5G
Whatsapp Counselling (OogaChaga),"This is Singapore’s only dedicated Whatsapp counselling services provided by trained volunteers for the LGBTQ+ community. These confidential services provide an active listening ear and emotional support for people who would like to share about issues troubling them, such as sexuality, identity,&nbsp;relationships, mental health and sexual health. We also provide information on LGBTQ+&nbsp;community resources and LGBTQ-affirming professional resources. All staff members and volunteers are expected to abide by the Oogachaga Code of Ethics.The Whatsapp counselling service was launched in 2013. Chats are handled by a team of specially-trained LGBTQ+ and LGBTQ-affirming volunteers who will ensure the confidentiality of every call. The team is supported by experienced staff and volunteers, and everyone is expected to adhere to our Code of Ethics for volunteers.",https://www.sgsocialsupport.com/resource/HHSgRqsExU5,No Content Found,"As a queer-affirming counselling service based in Singapore with limited resources, we would like to prioritise our support for the following client groups: Clients who identify as lesbian, gay, bisexual, transgender, questioning, queer or gender-diverse (LGBTQ+); or Clients facing LGBTQ-related issues (including parents, spouses & family members of LGBTQ+ persons); and Clients residing in Singapore & neighbouring countries (Malaysia, Indonesia & Brunei). Do add the Singapore dialling code +65 when contacting us from overseas. Or you can use our email counselling service too. Please note We apologise for the following: Services are unavailable outside publicised hours WhatsApp service is only able to accept text messages, not voice or video calls We are unable to receive SMS text messages through the WhatsApp service","OogaChaga provides confidential & anonymous emotional support for people on issues including sexuality, identity, relationships, mental health and sexual health. We also provide information on LGBTQ-affirming professional resources.",Whatsapp: 8592 0609 [text only] https://wa.me/6585920609 (text only),"OogaChaga + − Leaflet | OneMap © contributors | Singapore Land Authority 57B Pagoda Street 
S059216 Website",https://www.sgsocialsupport.com/resource/HHSgRqsExU5
