Name,Description,Link,Full Content,Who can apply,What to expect,How to apply,Contact,Source URL
MWS Christalite Methodist Home,"MWS Christalite Methodist Home&nbsp;is a Welfare Home for destitute persons, where the focus is on rehabilitation and reintegration.About 75% of residents may have permanent residency in the Welfare Home while approximately 17% may potentially reintegrate into the community. The remaining 8% of residents will likely become frailer and may need to be admitted to other institutions that can deliver the appropriate care.Our AimsEstablish an integrated holistic personal care plan for each residentReintegrate up to 5% of residents annuallyHow We ServeRehabilitate residents through casework and physical, cognitive, emotional and social interventionMaintain physical function and delay decline through maintenance and preventionImprove resident’s quality of life to the maximum of their abilityOur Care ApproachHolistic Care PlanEach resident is cared for by a multi-disciplinary team that ensures the resident’s basic, physical, psychosocial, cognitive and spiritual needs are holistically metThrough keeping in contact with residents’ families and day release schemes that allow residents to work outside, we strengthen family and community bonds and facilitate our residents’ eventual reintegration into their families and societyPerson-Centred CareWe encourage resident-directed living by motivating our residents to tap on their strengths and potential, and be involved in their own care to ensure their needs are met holistically",https://www.sgsocialsupport.com/resource/-YzJw34Pm9T,No Content Found,Please contact the organisation for more details.,Please contact the organisation for more details.,Please contact the organisation for more details.,"MWS Christalite Methodist Home + − Leaflet | OneMap © contributors | Singapore Land Authority 51 Marsiling Drive 
S739297 9am – 5pm Daily
(Including public holidays) 6368 5179 MWScmh@mws.sg Website",https://www.sgsocialsupport.com/resource/-YzJw34Pm9T
Accommodation Support (Catholic Welfare Services),"Catholic Welfare Services (CWS) is a non-profit, social service agency founded in 1959 with the aim of uplifting the lives of the less fortunate in the community. Following in the spirit of the Good Shepherd – to lead people towards love and fulfilment – and the spirit of the Good Samaritan – to help those who have fallen along the way – CWS provides various social service programmes and services to support a diverse range of beneficiaries.CWS operates a number of shelters providing rough sleepers in need with accommodation support. In 2018, we launched the Safe, Sound Sleeping Places (S3P) programme, partnering with various community organisations to create night shelters for rough sleepers. In 2022, we opened our latest S3P in partnership with the Ministry of Social and Family Development (MSF), who have provided a dedicated space for the shelter to operate full-time.In 2021, we launched the Bethlehem Shelter, providing accommodation support for up to 8 individuals and 1 family of four. In 2022, we launched our second shelter, the Gift of Joy Shelter, in collaboration with Willing Hearts. Our Shelters serve as a safe haven for clients in need while our social workers work with them to find long-term accommodations.",https://www.sgsocialsupport.com/resource/SMzAeRUNvpL,No Content Found,Rough sleepers in need of accommodation support.,Catholic Welfare Services' shelters serve as a safe haven for clients in need while our social workers work with them to find long-term accommodations.,Please apply using the referral form here to their email at socialwork@catholicwelfare.org.sg or call them at 6333 5484.,"Catholic Welfare Services 55 Waterloo Street #06-01 
S187594 6333 5484 socialwork@catholicwelfare.org.sg Website",https://www.sgsocialsupport.com/resource/SMzAeRUNvpL
Ahuva Good Shepherd Children's Home (Marymount Centre),"Set up in 2006, AGS‐CH provides a safe and nurturing residential environment for girls, aged 4 to 18. They have experienced challenges in their families, like financial difficulties, divorce, family violence, abuse and parents' incarceration.We journey with each child in her healing process and develop a care plan that recognizes her uniqueness and worth. Often, they have suffered immense pain, brokenness and fragility. Through specially designed programmes, activities and therapeutic interventions, we strive to assuage their physical, psychological and emotional pains. The girls find their inner strengths, build self-confidence, self-esteem, dignity, resilience, and learn to trust and hope again. Very often, they develop new interests through our support in education, sports and social activities.We aim to reintegrate them into society healed, and prepared to be contributing members of society.",https://www.sgsocialsupport.com/resource/bGvMA6qCGY7,No Content Found,Please contact the organisation for more details.,Please contact the organisation for more details.,Please contact the organisation for more details.,Ahuva Good Shepherd Children's Home (Marymount Centre) Website,https://www.sgsocialsupport.com/resource/bGvMA6qCGY7
Ahuva Good Shepherd Interim Placement and Assessment Centre (Marymount Centre),"AGS‐IPAC opened in June 2015. Most of the children, ranging from 4 to 16 years old, have experienced some form of abuse, often in their family homes. While the Ministry of Social and Family Development (MSF) Child Protection Services conduct investigations and work with various services to explore the next form of permanent placement for the child (such as kinship care, foster families, and children's home), AGS‐IPAC provides a transitory safe place for the child, between the child's family home and the next safe permanent placement. A typical length of stay is 30 days.These children usually suffer from traumatic stress and are in a high state of anxiety and have difficulty regulating their emotions and behaviours. Some are clingy and fearful, others act out with aggression and most have sleep problems. We patiently walk with them, lovingly assuring them that there is hope and light at the end of their present dark and fearsome tunnel. As we journey with these children, we are humbled by their resilience and courage.",https://www.sgsocialsupport.com/resource/de6u6rSWZMD,No Content Found,Please contact the organisation for more details.,Please contact the organisation for more details.,Please contact the organisation for more details.,Ahuva Good Shepherd Interim Placement and Assessment Centre (Marymount Centre) Website,https://www.sgsocialsupport.com/resource/de6u6rSWZMD
Ahuva Good Shepherd Small Group Care (Marymount Centre),"Since June 2017, AGS‐SGC has been providing a safe place for girls, aged between 7 and 12 years, who have been assessed by the Ministry of Social and Family Development (MSF) to have moderate to high needs due to past abuse.

Many, if not all of the children, arrive at AGS‐SGC with broken spirits and heavy hearts. They have experienced abuse in one form or another. For these young survivors of abuse and trauma, individual care plans delivered by staff trained in trauma‐informed care in a warm and loving home setting with fewer residents (15 maximum) is more conducive for their healing and recovery. The usual length of stay is up to 18 months.",https://www.sgsocialsupport.com/resource/t5AUUwzP5NB,No Content Found,Please contact the organisation for more details.,Please contact the organisation for more details.,Please contact the organisation for more details.,Ahuva Good Shepherd Small Group Care (Marymount Centre) 6256 4440 enquiry@marymountctr.org.sg Website,https://www.sgsocialsupport.com/resource/t5AUUwzP5NB
Anglican Family Centre (Singapore Anglican Community Services),"No one deserves to live in fear. A safe and stable environment is needed for women and their children in crisis, especially those experiencing domestic violence. Our services aim to promote healing, nurture hope and empower these families towards independent living.Temporary Refuge for Women and their ChildrenAnglican Family Centre (AFC) is missioned to protect and serve women and children who are victims of domestic violence, regardless of race, culture or religion. We believe that they should be be treated with respect and compassion. AFC promotes change in their lives by providing:Confidential, safe and temporary accommodation for up to 100 women and their childrenCasework, counselling and programmes to empower families and enhance their independence and resilience for integration into the communityIf you are in crisis and need immediate help, call your nearest Family Service Centre (FSC) for assistance.&nbsp; A referral would be made to AFC after the FSC’s assessment.",https://www.sgsocialsupport.com/resource/JAjm2JxkCgy,No Content Found,Please contact the organisation for more details.,Please contact the organisation for more details.,Please contact the organisation for more details.,Anglican Family Centre (Singapore Anglican Community Services) 1800 346 4939 afc@sacs.org.sg Website,https://www.sgsocialsupport.com/resource/JAjm2JxkCgy
CARE Shelter (Catholic AIDS Response Effort),"The CARE Shelter is our trademark activity. We have been operating a CARE Shelter for destitute and homeless People Living With HIV/AIDS (PLWHAs) since 2002, in one location or another. Up to May 2014, we were housed in premises kindly made available by the Good Shepherd Sisters, but which we unfortunately had to vacate due to a government re-development plan for the area. Currently we are housed in premises on lease from the Singapore Land Authorities. Our present capacity is 30.",https://www.sgsocialsupport.com/resource/Q-dPjxEPc8u,No Content Found,Please contact the organisation for more details.,"In-Residence Care We provide the following forms of care: Residents’ physical needs such as lodging, food and clothing. Befriending, emotional and spiritual support, and diversional therapies. Monitoring of medical appointments and where appropriate we help them to meet their medicinal needs. Acquiring of skills to re-join the workforce and helping them find employment. Helping them re-integrate to society. Rules of Stay We are not a hospital or hospice, and do not provide medical treatment or nursing care. We are a shelter where Residents come to stay with us voluntarily. They may go out during the day, stay out overnight with permission, or discharge themselves whenever they wish. But as long as they are a resident of our Shelter, they must exercise self-discipline and abide by our community rules for the well-being of everyone.",Form-CARE Membership Application,CARE Shelter (Catholic AIDS Response Effort) 6353 5440 administrator@care.org.sg Website,https://www.sgsocialsupport.com/resource/Q-dPjxEPc8u
Casa Raudha Shelters,"Protecting and supporting domestic violence survivors goes beyond simply giving them a safe place to stay as it is an integral part of helping these women and their children break free from their abusive situations.Domestic violence impacts hundreds of millions of women and children, and as one of the domestic violence shelters in Singapore. Casa Raudha provides a safe, private, and welcoming space to those who need it the most.Our shelters are safe havens where these families can feel supported, protected and capable of making informed decisions regarding their next step. It allows them to safely put distance between themselves and their aggressors without placing emotional and physical stress on themselves or their children.",https://www.sgsocialsupport.com/resource/FDahSC4Uu25,No Content Found,Please contact the organisation for more details.,"Our Facilities, Basic Needs and Services Casa Raudha takes pride in the quality and compassion found in both of our women and children's shelters in Singapore. Our Women's Home is a shelter with high-quality facilities and an environment that caters to residents and helps their recovery so they can get their lives back on track again. We provide the following amenities and support our residents: Facilities Safe Accommodation Laundry & Kitchen Counselling (to assist the survivors deal with trauma and emotional stress) Events Festive Celebrations Other Events Basic Needs Food Clothing Milk & Diapers Ad-Hoc Financial Support Empowerment Programs Adults Step Out, Step Up Programme Support Groups Post-care Community Outreach Programmes Children I am S.M.A.R.T. Programme",Please contact the organisation for more details.,Casa Raudha Shelters enquiry@casaraudha.org Website,https://www.sgsocialsupport.com/resource/FDahSC4Uu25
Chen Su Lan Methodist Children's Home,"Chen Su Lan Methodist Children's Home (CSLMCH) provides temporary shelter, care, and protection to boys and girls between the ages of 5 and 21 years old who come from needy and disadvantaged families in Singapore. Our Home is one of the biggest children's homes in Singapore.There are usually 70 - 90 boys and girls living in the Children's Home and every year, 20 - 30 children are admitted or discharged back into their families or community.The ChildrenOur children come from different ethnic and religious backgrounds and different regions of Singapore. They are not orphans. The majority are from low income, broken, dysfunctional or abusive families whose parents cannot, will not or should not care for them. Broken families are usually single parents who are imprisoned or facing severe financial difficulties or health issues. Dysfunctional families are usually parents who have mental health issues, addictions or who have abandoned their children. Abusive families have seriously neglected or emotionally, sexually or physically abused their children (or failed to protect them) so their children have been removed by the courts and placed in our Home for their own protection. Some of our children also have special needs (ADHD, low IQ) and their parents cannot manage them.The children are referred to us by community partners like the Family Service Centers, the Ministry of Social and Family Development (MSF) or the Court (either on Compassionate Grounds, MSF Referred or by Court Order). We do not admit children directly and the decision to admit a child is always taken carefully. We only accept children between 5 &amp; 16 years old and only when there are no other family members or foster parents able to care for them.Some children stay in the Home for a couple of months, the majority (80%) stay for 6 months to 5 years and some remain in the Home for their entire childhood. It all depends on their family situation.The Children's HomeOur mission is to provide loving, Christian nurture to needy and disadvantaged children of all races and religions so as to prepare them to be happy and responsible members of their family and community. The main Residential Home works to achieve this in 3 ways:&nbsp;Care -&nbsp; We provide the children with shelter, care and protection. The Children's Home has a playground, a kitchen, a dining hall, a chapel, a large multipurpose hall and six houses where the children sleep (3 for the girls &amp; 3 for the boys). The children live in the Home but they go to their former schools during the week. Our residential care and support staff ensure that they are protected, cared for and provided with everything they need 24 hours a day in the Home.&nbsp;Development -&nbsp; We try to heal and develop the children. Many of the children are angry, ashamed, traumatised or dysfunctional due to their past experiences or family backgrounds. Some are so hurt, that they cannot self-regulate or understand their emotions. Our staff therefore practice Trauma Informed Care (a care structure that recognises &amp; seeks to heal children suffering from trauma); the most traumatised children are given professional counselling and therapy; our education manager monitors the academic progress of the children and recommends extra tuition when needed; our chaplain counsels and teaches the children about Jesus and Christian values; and our partners, sponsors and volunteers provide support, friendship and enrichment programmes to inspire the children and develop their interests, talents and self-confidence.&nbsp;Reunification -&nbsp; We try to reunite the children back into their families as soon and safely as possible. Most of the boys and girls want to go back to their parents and CSLMCH believes that children are always better off living with their families than in a Children's Home. So our social workers help their families to solve their problems and encourage them to see their children as often as possible. And when the parents (or other family members) are able to care for them again, the children are discharged from the Children's Home and monitored for 2 years afterwards to ensure that the reunification process is safe and successful. Children who cannot be reunited with their families can stay in the Children's Home until they are 21 years old and have finished school, started working or gone into National Service or they can be put up for fostering.&nbsp;",https://www.sgsocialsupport.com/resource/pSTKAuHuX47,No Content Found,Please contact the organisation for more details.,Please contact the organisation for more details.,Please contact the organisation for more details.,"Chen Su Lan Methodist Children's Home + − Leaflet | OneMap © contributors | Singapore Land Authority 202 Serangoon Garden Way 
S556057 6713 9150 info@cslmch.org.sg Website",https://www.sgsocialsupport.com/resource/pSTKAuHuX47
Darul Ihsan Orphanages (Muslim Trust Fund Association),"When families go through difficult times, the little ones may be affected. At MTFA, we are ready to give our full support to these children; to be their guardian, friend and educator.Victims of AbuseOften referred by the MSF, children who experienced neglect or abuse are integrated in socially active programs, until their families are ready to responsibly care for them again.Orphans &amp; Neglected ChildrenWhen a child loses his/her parents, and no extended family is available to care for them, we welcome them in our fold, and channel them through various programs.Preparing for a new lifeBeing a resident in MTFA Darul Ihsan Orphanages means learning to face life and its challenges with a smile and determination.Our curriculum is rich with meaningful activities and workshops to prepare them in a aspects of life.Caring for a childIt really is like family! Once discharged, the residents remain under MTFA’s care and supervision. Each former resident is followed-up by their dedicated case worker and previous home guardians.It comes to little surprise that all former residents have proven very resourceful in taking charge of their own lives, often helping the younger generation of residents find their own path",https://www.sgsocialsupport.com/resource/uTZEFqPCvkU,No Content Found,Please contact the organisation for more details.,Please contact the organisation for more details.,Please contact the organisation for more details.,"MTFA Darul Ihsan Boys' Orphanage + − Leaflet | OneMap © contributors | Singapore Land Authority 5 Mattar Road
 
S387713 6747 7556 info@mtfa.org Website MTFA Darul Ihsan Girls' Orphanage + − Leaflet | OneMap © contributors | Singapore Land Authority 23 Wan Tho Ave 
S347552 6747 7556 info@mtfa.org Website",https://www.sgsocialsupport.com/resource/uTZEFqPCvkU
Epworth HomeSweetHome (Epworth Community Services),"Epworth HomeSweetHome was started in 2013 in partnership with the Ministry of Social and Family Development (MSF) as the first Therapeutic Group Home in Singapore. The Home provides stay-in treatment for children between the ages of 7 to 12 years old who have experienced abuse. We use the Trauma System Therapy (TST) treatment model to help children with complex trauma and aggressive behaviour.We believe that with early and appropriate intervention, children can recover and become well-adjusted persons with a healthy mental well-being.&nbsp; Apart from treatment within the Home, we also work with other helping professionals so that all the needs of these children could be met.&nbsp; Together with MSF, we work towards safe placements for these children, when they are ready to be discharged from the Home and well enough to return to the community.",https://www.sgsocialsupport.com/resource/sCfgN9rq9Cb,No Content Found,Please contact the organisation for more details.,Please contact the organisation for more details.,Please contact the organisation for more details.,"Epworth HomeSweetHome (Epworth Community Services) + − Leaflet | OneMap © contributors | Singapore Land Authority Block 106 Bukit Batok Central,
#01-217 
S650106 6562 2211 community.relations@epworth.sg Website",https://www.sgsocialsupport.com/resource/sCfgN9rq9Cb
Gladiolus Place,"Gladiolus Place is a Christian residential refuge for teenage Girls from all walks of life, aged 11 and above. It is a non-profit residential home for vulnerable teenage girls who are facing or are at risk of abuse, neglect, delinquency, and wayward behaviours",https://www.sgsocialsupport.com/resource/gJkjPCXbca5,No Content Found,Please contact the organisation for more details.,Please contact the organisation for more details.,Please contact the organisation for more details.,"Gladiolus Place + − Leaflet | OneMap © contributors | Singapore Land Authority 6A Mattar Road Singapore 
S387715 6348 5674 info@gladiolusplace.org.sg Website",https://www.sgsocialsupport.com/resource/gJkjPCXbca5
Good Shepherd Centre (Marymount Centre),"A Safe Sanctuary

GSC was set up in 1986 to provide a safe place for women who have been abused or who suffer from seemingly insurmountable difficulties, to work through their trauma and crisis. Some of the women, often with children in tow, are survivors of chronic domestic violence. As far as possible, we accommodate the mothers and their children together in the shelter. Some of the abused spouses are foreigners with little family support and few friends they can turn to.

Through our care and compassion, and programmes and activities, the women experience healing and are empowered to tap on their inner strength and resources to rebuild their lives and plan a future for themselves and their families.

As earning an income is key to their independence, we help them to find a job. We are blessed with understanding and compassionate employers who believe in our mission and who partner with us to provide jobs for the women under our care. We also help the women in their search for a decent roof over their heads.

GSC is appointed by the Singapore Government to provide victim care for women who have been trafficked into Singapore.",https://www.sgsocialsupport.com/resource/AxsX9V7JtG7,No Content Found,Please contact the organisation for more details.,Please contact the organisation for more details.,Please contact the organisation for more details.,Good Shepherd Centre (Marymount Centre) 6256 4440 enquiry@marymountctr.org.sg Website,https://www.sgsocialsupport.com/resource/AxsX9V7JtG7
Gracehaven,"We help children and youth who need care, protection and rehabilitation due to a lack of parental supervision, risk behaviours or family breakdowns. We develop care plans to meet their individual needs through programmes that build positive values and resilience. Our professional team provides support for our residents and their families with the aim of achieving successful family reunification.
HOW WE HELP

Case Management
Casework and counselling are provided to support and nurture residents.
Academic Mentoring
Academic volunteers help residents build a good educational foundation.
Aftercare Services
Support is provided to discharged residents and their families during the transitional period.
Sports and Outdoor Activities
Various recreational activities cultivate residents’ leadership and team building skills.
Music, Drama and Art Programmes
Residents can pursue their interests and develop new skills.
Interim Placement and Assessment Centre
Allows children under child protection to be temporarily cared for till their placement in the most appropriate care environment.",https://www.sgsocialsupport.com/resource/WPCT2m6mWKC,No Content Found,Please contact the organisation for more details.,Please contact the organisation for more details.,Please contact the organisation for more details.,Salvation Army Gracehaven 3 Lorong Napiri Singapore 547528 6580 2250 gracehaven@smm.salvationarmy.org Website,https://www.sgsocialsupport.com/resource/WPCT2m6mWKC
HCSA Dayspring SPIN,"(Single Parents INformed, INvolved, INcluded)
HCSA Dayspring SPIN is an initiative in collaboration with the National Council of Social Service. It aims to support caregiving and improve the quality of life for single parents and lone caregivers who lack, or have limited emotional, physical or practical support.
SPIN provides single parents with access to resources through an ally network of volunteers and an interactive website that empowers them to make informed decisions and helps strengthen their social support network. Find out more here.
Core Services

Single parents/lone caregivers will be assessed for their needs by a social worker before joining as a SPIN member for up to 12 months.
SPIN members will be matched with befrienders – trained volunteers, who will provide practical and socio-emotional support.
Respite services will also be available to allow members to schedule free time to attend to their errands, while their children are taken care of by volunteers.
To improve members’ access to organised information, SPIN conducts regular child-friendly workshops and activities to enrich and encourage members in their parenting journey
SPIN provides an online portal to promote easy access to information and resources.",https://www.sgsocialsupport.com/resource/Xt-jwQrnG9V,No Content Found,Please contact the organisation for more details.,Please contact the organisation for more details.,Please contact the organisation for more details.,HCSA 1 Lorong 23 Geylang Singapore 388352 6745 3532 enquiry@hcsa.org.sg Website,https://www.sgsocialsupport.com/resource/Xt-jwQrnG9V
HEB-Ashram,"With the help from the Singapore Corporation of Rehabilitative Enterprises (SCORE), Hindu Endowments Board set up the HEB-Ashram, in 1999, a halfway house to rehabilitate and reintegrate Indian substance abusers into society. At the HEB-Ashram’s supportive environment, its residents receive emotional and spiritual guidance through a number of quality programmes and are also equipped with skills to allow them to be gainfully employed. HEB-Ashram residents are encouraged to attend classes to learn more about the religion they practice and attend yoga and meditation classes for better control of their minds and bodies.In addition to being taught how to be financially prudent, arrangements are made for them to embark on home based jobs. SCORE’s job placement unit helps with securing appropriate jobs for the residents. As an approved charitable organization with the status of an Institution of Public Character (IPC), HEB-Ashram aims to reach out and help the community in line with its vision.",https://www.sgsocialsupport.com/resource/sdyRGWny585,No Content Found,Please contact the organisation for more details.,Please contact the organisation for more details.,Please contact the organisation for more details.,"HEB-Ashram + − Leaflet | OneMap © contributors | Singapore Land Authority 30, Durban Road 
S759642 6753 9730 enquiries@hebashram.org.sg Website",https://www.sgsocialsupport.com/resource/sdyRGWny585
Home for the Aged (Geylang East Home for the Aged),"Our Sheltered Home was established in 1978 to provide residential care to those with no or limited financial and social support. By encouraging independence and providing supplementary resources to our residents, we hope to enable them to age in place and maintain their physical, mental and psychosocial well-being.Our key programs include:recreational activities and engagementsphysical exercise classesdaily health supervision and regular screeningswalks and outings",https://www.sgsocialsupport.com/resource/P9CG5RKDQ6g,No Content Found,Please contact the organisation for more details.,Please contact the organisation for more details.,Please contact the organisation for more details.,"Geylang East Home for the Aged + − Leaflet | OneMap © contributors | Singapore Land Authority 97 Aljunied Crescent #01-439 
S380097 6745 3465 shelterhome@geha.org.sg Website",https://www.sgsocialsupport.com/resource/P9CG5RKDQ6g
Homeless Hearts of Singapore,"We are a team of volunteers who hope to inspire and start movements of fellow Singaporeans to start their own small homeless outreach groups likewise. Just two or three, can already, who will take time to see – and stop for the one in need. Since 2019, HHOS has been a partner of MSF’s Partners Engaging and Empowering Rough Sleepers (PEERS) network.
HHOS is a secular outreach based on Christian values (as the co-founders are Christians). But it’s open to all – regardless of race, language or religion. So we hope to help them in whatever ways possible, whether advocating for them, or befriending, or ministering to them – both to the homeless and those who have houses but are homeless in heart.
Thus, our team takes a relational approach in helping the homeless, and help them find and get to the relevant social services. We also enjoy partnering with fellow like-minded and like-hearted community partners who care for our homeless friends too. Stop for the ONE in need – that’s our motto and modus operandi!
OUR MISSION
Make Singapore a City of Refuge where the community, infrastructure, and policies provide adequate support for those who are displaced / isolated. 
To help the homeless re-integrate into community via community-building, temporary aid, advocacy, and local partnerships.
OUR VISION
We envision Homeless Hearts to serve as a platform to inspire fellow volunteers to start their own grounds-up initiatives to serve and befriend any homeless in their own local neighbourhoods, so that one day every homeless person in every neighbourhood in every age group and every background will find full community support to help them reintegrate back into full community again.",https://www.sgsocialsupport.com/resource/vEKMEETgV5J,No Content Found,Please contact the organisation for more details.,Please contact the organisation for more details.,Please contact the organisation for more details.,Homeless Hearts of Singapore Website,https://www.sgsocialsupport.com/resource/vEKMEETgV5J
Individual Transitional Accomodation Programme [iTAP] (iCare Hub),"In 2015 to 2016, Temasek Cares works with Yellow Ribbon Fund and iC@RE HUB LTD to jointly developed the secular female shelter programme, a residential aftercare pilot project &nbsp;to help newly released female ex-offenders and those recovering from addictions reintegrate into society.INDIVIDUAL TRANSITIONAL ACCOMMODATION PROGRAMME (iTAP)iTAP is dedicated to serving the IMMEDIATE accommodation needs of Women in Recovery for residency stability.Research has affirmed the benefits of providing a safe home with supportive social services for recovering persons.In western countries extensive research has been done on the correlation between homelessness of ex offenders and their recidivism rate.",https://www.sgsocialsupport.com/resource/nxae-J2ccLg,No Content Found,Please contact the organisation for more details.,Please contact the organisation for more details.,Please contact the organisation for more details.,iCare Hub 6250 2393 lenghoe@icarehub.org.sg Website,https://www.sgsocialsupport.com/resource/nxae-J2ccLg
Kheng Chiu Loke Tin Kee Home,"Kheng Chiu Loke Tin Kee Home is the first 7-storey purpose-built Sheltered Home in Singapore.Its total construction costs amounted to about S$8 millions with S$7 millions capital funding from the then Ministry of CommunityDevelopment and the balance S$1 million from public donationsThe construction of the building was completed in April 1999The Home began operation in July 1999The Home is strategically located at the hub of a busy town centre with amenities like Tampines MRT station &amp; bus interchange, polyclinic, regional library, supermarket, shopping centres, cinemas, wet market, foodcourt, community centres, neighbourhood shops, hair saloons, etc. all within walking distanceIt has a capacity of 160 residents (males &amp; females)",https://www.sgsocialsupport.com/resource/sB4QcVZT5GC,No Content Found,Please contact the organisation for more details.,Please contact the organisation for more details.,Please contact the organisation for more details.,"Kheng Chiu Loke Tin Kee Home + − Leaflet | OneMap © contributors | Singapore Land Authority 70 Tampines Ave 4 
S529681 6789 7889 khengchiuhappylodge@gmail.com Website",https://www.sgsocialsupport.com/resource/sB4QcVZT5GC
Melrose Home (Children's Aid Society),"Melrose Home is a residential home offering round-the-clock care and support to children and youths aged 6 to 21 years old who are facing challenging family circumstances or child protection issues.How do the children and youths end up at Melrose Home?Our children and youths are referred by the Ministry of Social &amp;amp; Family Development. They have gone through adverse circumstances such as abuse or neglect, and need intervention to be removed from their homes or families due to safety reasons",https://www.sgsocialsupport.com/resource/A9c46dsCusQ,No Content Found,Please contact the organisation for more details.,Please contact the organisation for more details.,Please contact the organisation for more details.,Melrose Home (Children's Aid Society) 6970 0980 ask@childrensaidsociety.org.sg Website,https://www.sgsocialsupport.com/resource/A9c46dsCusQ
Muhammadiyah Welfare Home,"Muhammadiyah Welfare Home (MWH) is a children’s’ Home that provides shelter and 24/7 residential care and protection for boys between the ages of 10 and 19 years.Appointed by the Ministry of Social and Family Development (MSF) and gazetted under the Children and Young Persons Act Cap 38, the boys consist of those who are neglected, abused or homeless; are juvenile offenders and those under Family Guidance Order (formerly known as Beyond Parental Control). They are referred to the Home by MSF, the courts and other social work agencies.Muhammadiyah Association (MA) is the parent organisation for MWH. MWH renders its services to society as a Social Service Agency (SSA) and is managed by a Management Committee (MC), appointed by the MA.MWH is also a charity and an Approved Institution of a Public Character registered under the Charities Act Cap 37.",https://www.sgsocialsupport.com/resource/R2CuXSeLEdy,No Content Found,Please contact the organisation for more details.,Please contact the organisation for more details.,Please contact the organisation for more details.,"Muhammadiyah Welfare Home + − Leaflet | OneMap © contributors | Singapore Land Authority 101 Pasir Ris Road 
S519154 6344 7551 mwh@muhammadiyah.org.sg Website",https://www.sgsocialsupport.com/resource/R2CuXSeLEdy
MWS Girls’ Residence,"MWS Girls’ Residence&nbsp;is a Children and Young Persons Home supported by the Ministry of Social and Family Development, providing out-of-home residential care for vulnerable young women who have experienced trauma and childhood adverse experiences, and are in need of care and protection.",https://www.sgsocialsupport.com/resource/Cj4F6sdbYJC,No Content Found,Please contact the organisation for more details.,"Provide a safe home for young women in need Manage rehabilitation of young women in conflict with the law Collaborate with community partners, organisations and individuals to run programmes (e.g. theatre, art, sensory exploration, mindfulness workshops) that empower young women who had experienced trauma, to gently address the issues they face Trauma-informed Care As the majority of the residents have a history of trauma and may have difficulty trusting others, MWS adopts the principles of traumainformed care — such as ensuring our residents’ safety, respecting their boundaries, providing consistent care and jointly making decisions with them — which help improve outcomes Upon admission to the Residence, every resident is given an individualised care plan, supported by a level progression system that enables her to strive towards rehabilitation with rewards",Please contact the organisation for more details.,"MWS Girls’ Residence + − Leaflet | OneMap © contributors | Singapore Land Authority 600 Upper Thomson Road, Block A 
S574421 6391 0567 MWSgr@mws.sg Website",https://www.sgsocialsupport.com/resource/Cj4F6sdbYJC
New Hope Transitional Shelter for Families in Crisis,"New Hope Community Services (New Hope CS) is a social service agency working to bring change into the lives of the displaced and disadvantaged in the community.
Since 2004, we have been empowering our beneficiaries with opportunities to better their own lives. We provide a range of services and programmes such as temporary shelter, casework, mentoring, job-matching, life-skills training and support with long-term housing and employment. Together with our 3P Partners — Public, Private and People — we serve all people regardless of race or religion.
We are a full member of the National Council of Social Service since 2005 and have been granted Institutions of a Public Character (IPC) status until 2026.",https://www.sgsocialsupport.com/resource/JNHfuC6LSEs,No Content Found,Please contact the organisation for more details.,Please contact the organisation for more details.,Please contact the organisation for more details.,"New Hope Community Services HQ Blk 148 Yishun Street 11, #01-123
Singapore 760148 6305 9620 Website",https://www.sgsocialsupport.com/resource/JNHfuC6LSEs
Open Home Network,"The Open Home Network encourages and enables Singaporeans to open up their homes as a place of respite for people-in-crisis (PICs).
We designed a system to match PICs with our list of host families, together with their social worker. It is a micro initiative with a big goal of spurring Singaporeans on to normalise and practice hospitality by befriending a stranger and letting them in.
The issue of homelessness is a prevailing yet well-hidden problem in Singapore. It goes beyond the physical need of having a roof over one's head to the compromising safety and well-being of the individual. 
3 main categories of homelessness include:

People who sleep in public spaces due to a lack of permanent housing and accommodation
People who reside in shelters and hostels due to housing eviction, etc
People who live in overcrowded houses, who face family violence, or lack social support.

If untaken care of, the issue of homelessness could hinder an individuals' sense of identity, security and belonging, impairing their physical and mental health.
When the community comes together to support someone in crisis, we are able to provide and care for those in need in a more holistic and sustainable manner. 
To build a network of care and support around such Persons-in-crisis (PICs). We envisioned a re-energized ‘kampung spirit’ - neighbourliness in action, where resources get pooled together to help the needy in an organic manner. To do so, we came up with a framework consisting of host families, community representatives, case managers, social workers and our beneficiaries - the PICs. We created an Open Home Toolkit to equip host families to better engage and care for themselves during their time hosting. We then called for host families to open up their homes and matched them according to the needs of our PIC referrals. Follow-ups and regular check-ins were conducted to ensure the well-being of both host family and PIC.",https://www.sgsocialsupport.com/resource/btKfwwfpbn2,No Content Found,Please contact the organisation for more details.,Please contact the organisation for more details.,Please contact the organisation for more details.,"OHN + − Leaflet | OneMap © contributors | Singapore Land Authority 24 Sin Ming Lane
#06-100 Midview City 
S573970 hello@solvenplus.one Website",https://www.sgsocialsupport.com/resource/btKfwwfpbn2
Partners Engaging and Empowering Rough Sleepers (PEERS) Network,"Volunteers of the Partners Engaging and Empowering Rough Sleepers (PEERS) Network join hands with community groups, social service, and government agencies to engage and support rough sleepers and homeless persons.
PEERS Network Befrienders conduct regular outreach to engage rough sleepers on the streets, spend time listening and understanding their issues to gain trust and render help.
If you’re a night owl, aged 21 years old and above, and love to help others, come join us and our community partners on our night walks to engage and support rough sleepers in the community – normally held after 9pm.
Volunteers help to:

Make friends with rough sleepers and the homeless, and listen to their stories
Establish rapport and trust, so that these individuals will be more open to receiving assistance
Ferry willing individuals to interim shelters",https://www.sgsocialsupport.com/resource/2Ha7KeePe8J,No Content Found,Please contact the organisation for more details.,Please contact the organisation for more details.,Please contact the organisation for more details.,Ministry of Social and Family Development (MSF) MSFCareNetwork@msf.gov.sg Website,https://www.sgsocialsupport.com/resource/2Ha7KeePe8J
Pertapis Centre for Women and Girls,"Pertapis Centre for women and girls provides residential care for young women who are victims of abuse, come from dysfunctional families or are in conflict with the law.
The centre offers shelter, care and protection to 100 women from 14 to 21 years old.
We run a variety of programs to facilitate self development, confidence building &amp; life skills development.",https://www.sgsocialsupport.com/resource/9hf7UEWA5Xd,No Content Found,Please contact the organisation for more details.,Please contact the organisation for more details.,Please contact the organisation for more details.,Pertapis Centre for Women and Girls 42 Surin Avenue Singapore 535638 6284 4707 enquiry@pertapis.org.sg Website,https://www.sgsocialsupport.com/resource/9hf7UEWA5Xd
Psychiatric Sheltered Home (Singapore Anglican Community Services),"In 2017, the work of Singapore Anglican Community Services (SACS) Psychiatric Services received affirmation from the Ministry of Health which appointed SACS to operate the Anglican Care Centre (Farrer Park), a sheltered home for persons with mental health conditions who have undergone psychiatric rehabilitation and are ready to reintegrate into the community.The centre is an integral part of SACS continuum of care for person with mental health conditions who need temporary accommodation and can live independently with some form of gainful employment. It has a capacity to serve 60 adults and 20 youths. Counselling and case management support are offered to strengthen clients’ independence so that they can better reintegrate into the community.",https://www.sgsocialsupport.com/resource/9ARqfGvCv2C,No Content Found,"Admission Criteria Singaporean or Permanent Resident aged 16 years old and above Diagnosed with psychiatric condition(s) that has been stabilized, and is on regular medications and psychiatric follow-up Independent in activities of daily living Not suffering from any communicable disease No history of substance abuse, such as drug, inhalant and alcohol, in the last two (2) years No suicide attempt(s) and self-harm acts within the last three (3) months Not posing an excessively high risk to themselves, others and/or the Centre Working or studying, or actively preparing to do so Admission Process Referrals strictly through the Agency of Integrated Care’s Integrated Referral Management System (IRMS), initiated by social workers from Hospitals, Intermediate and Long Term Care Services, or Family Service Centres",Please contact the organisation for more details.,"Admission Process Referrals strictly through the Agency of Integrated Care’s Integrated Referral Management System (IRMS), initiated by social workers from Hospitals, Intermediate and Long Term Care Services, or Family Service Centres Fees $20 per day Please note that the stated fee is before GST and means-test subsidy (if eligible). For more information or queries, please approach us via the contact details listed below.","Psychiatric Sheltered Home (Singapore Anglican Community Services) + − Leaflet | OneMap © contributors | Singapore Land Authority Anglican Care Centre (Farrer Park)
375 Race Course Road
 
S218644 6202 9669 acc_farrerpark@sacs.org.sg Website",https://www.sgsocialsupport.com/resource/9ARqfGvCv2C
Rise Above Halfway House (PPIS),"Rise Above Halfway House was founded in 2021. It is the first secular halfway house for women offenders undergoing community rehabilitation programmes, and is the second all- women residential halfway house in Singapore. It is structured with a range of programmes and interventions to provide a safe and holistic therapeutic space for women residents to rebuild their lives as well as reconnect with family and community.",https://www.sgsocialsupport.com/resource/BU6C6qCGD2N,No Content Found,Please contact the organisation for more details.,Please contact the organisation for more details.,Please contact the organisation for more details.,Rise Above Halfway House 6206 7440 rahwh@ppis.sg Website,https://www.sgsocialsupport.com/resource/BU6C6qCGD2N
S3P (Bless Community Services),"BCS manages five S3Ps¹ to provide night shelters for the homeless and rough sleepers.&nbsp;They areS3P@YCKC (in partnership with Yio Chu Kang Chapel),S3P@Inspire (in partnership with Faith Assembly of God),S3P@GLCC (in partnership with Gospel Light Christian Centre),S3P@Space79 (in partnership with Grace Methodist Church),S3P@BPMC (in partnership with Bukit Panjang Methodist Church).In total, BCS manages a max capacity of 39 beds (out of which 12 are for females) for the homeless and rough sleepers.&nbsp;Our S3Ps provide stayers with bedding, lockers, toiletries, warm showers, washing machine, dryers, pantry and WIFI connection.&nbsp;As of June 2023, we have provided shelter for 163 individuals. Working closely with social workers, we successfully helped several of them transit to longer-term housing",https://www.sgsocialsupport.com/resource/Kh3UjH84QT-,No Content Found,Please contact the organisation for more details.,Please contact the organisation for more details.,Please contact the organisation for more details.,"Bless Community Services + − Leaflet | OneMap © contributors | Singapore Land Authority 242 Yio Chu Kang Road 
S545671 6288 9377 Website",https://www.sgsocialsupport.com/resource/Kh3UjH84QT-
S3P@YCKCHAPEL,"Safe Sound Sleeping Place at Yio Chu Kang Chapel (S3P@YCKCHAPEL) was set up in Nov 2019 to give the homeless and rough sleepers a safe place to sleep overnight. Stayers come to the S3P from 7:30pm onwards and leave at 7:30am the next morning. S3P@YCKCHAPEL provides beds, pillows, blankets, refreshments, heated showers, washing machines, dryers and WIFI for the stayers free of charge. Our current capacity is 15 beds.
Bless Community Services (BCS) has been appointed by YCK Chapel to look into the admission of stayers and providing holistic care to them. BCS works with various social service partners to help the stayers find jobs and long-term housing. BCS also gives out meal and transport vouchers to the stayers.",https://www.sgsocialsupport.com/resource/SZUYNeCDmkz,No Content Found,Please contact the organisation for more details.,Please contact the organisation for more details.,Please contact the organisation for more details.,"Yio Chu Kang Chapel 242 Yio Chu Kang Road, Singapore, 545671 6288 1675 admin@yckc.org.sg Website",https://www.sgsocialsupport.com/resource/SZUYNeCDmkz
Sheltered Home - Adventist Home for the Elders,We operate a 38-beded sheltered home to house seniors who look for accommodation and cares on providing 3 meals and laundry services.,https://www.sgsocialsupport.com/resource/yMmJKvrJ3b2,No Content Found,"Singaporean, Permanent Residence or Public Assistance Age 65 and above Mobile and Independent Free from communicable disease and mental illness No meanst-test required.","Services provided: Lodging: Single Cubicle $900  per month or  Double Cubicle $800 per month Laundry: $30 per month Meals: Breakfast, Lunch & Dinner. We provide ordinary homemade dishes with no pork, no lard, healthy and nutritious diets. Other services such as monitoring residents’ medication intake as well as take care of residents’ daily chores.",Please contact the organisation for more details.,"Maryanne Tan + − Leaflet | OneMap © contributors | Singapore Land Authority Blk195 Kim Keat Avenue #01-294 / 310 / 314 
S310195 6258 1267 contact@adventisthome.org.sg Website",https://www.sgsocialsupport.com/resource/yMmJKvrJ3b2
Sheltered Home & Crisis Placement (SASCO Senior Citizens’ Home),"Our residential facility, also referred to by its building name, Evergreen Place, is a cosy and peaceful home for people aged 60 years and above. It provides a safe environment for seniors who are either destitute or facing challenging financial and family situations, so that they can maintain their dignity and individual freedom. The four-storey building has a capacity of 102 beds, four of which are reserved for crisis cases.SASCO@HongSan also provides a range of therapies (physio, art, music, dance, counselling and workshops) and activities (festive celebrations onsite, excursions) to promote the health and well-being of its residents, who are usually frail and elderly.Situated in a Dementia Friendly Community in the western part of Singapore, SASCO@HongSan is part of the Friends of Dementia network, and serves as a go-to point for wandering persons with dementia, ensuring their safe return to their loved ones by coordinating with various authorities.",https://www.sgsocialsupport.com/resource/VxpCAUxU9gX,No Content Found,Please contact the organisation for more details.,Please contact the organisation for more details.,Please contact the organisation for more details.,"SASCO@HongSan + − Leaflet | OneMap © contributors | Singapore Land Authority 30 Hong San Terrace 
S688246 info@sasco.org.sg Website",https://www.sgsocialsupport.com/resource/VxpCAUxU9gX
Small Group Care (Chen Su Lan Methodist Children's Home),"The&nbsp;Small Group Care (SGC) is a new, smaller and specialised care home developed and supported by the Ministry of Social and Family Development (MSF) to care for children with moderate to high levels of needs and care.MSF chose two organisations to&nbsp;Small Group Care: Marymount Centre and Chen Su Lan Methodist Children's Home.The objective of &nbsp;PSGC is to heal selected children of their traumatic experiences and improve their emotional &amp; behavioural functioning in their residential, school and family settings before they are reintegrated back into their families and community.The SGC at Chen Su Lan Methodist Children's HomeThe&nbsp;Small Group Care Home at Chen Su Lan Methodist Children's Home began operations in June 2017.The level of care provided by the SGC Home will be intensive, specialised and time limited. It will have a maximum capacity of 15 children and employ 12 care staff, one social worker and a deputy head of home to provide 24 hour care and supervision to the children.The Home is built and designed to be safe, nurturing and therapeutic for the children and all the staff will be trained in and practice trauma informed care.Children admitted into the SGC Home must be approved by MSF. They can be boys or girls between 7 and 12 years of age. They can come from families, Children's Homes or foster care and they must be assessed by MSF to have moderate to high levels of needs and care based on the Child and Adolescent Needs and Strengths Assessment Scale (CANS).The period of admission will be limited to 12 - 18 months after which the children will be reintegrated back into their families, Children's Homes or foster care.",https://www.sgsocialsupport.com/resource/cuMZrhzAEvR,No Content Found,Please contact the organisation for more details.,Please contact the organisation for more details.,Please contact the organisation for more details.,"Small Group Care (Chen Su Lan Methodist Children's Home) + − Leaflet | OneMap © contributors | Singapore Land Authority 202 Serangoon Garden Way 
S556057 6713 9150 info@cslmch.org.sg Website",https://www.sgsocialsupport.com/resource/cuMZrhzAEvR
St. John's Home for Elderly Persons,"Established in December 1958, St. John's Home for Elderly Persons is a Sheltered Home for elderly persons who are ambulant and aged above 60.Our Mission is to provide shelter and care&nbsp;to meet the physical and spiritual needs of elderly persons&nbsp;who have no home and no children or close relatives&nbsp;with adequate resources&nbsp;to care for them.The Home is open to all regardless of race or creed.",https://www.sgsocialsupport.com/resource/An5wt3bVr8Y,No Content Found,"Our Residents Elderly persons admitted to our Home usually face family or financial situations such as: 1. being no longer able to care for themselves due to old age and physical or medical problems; 2. having no immediate family, or having family members who have passed away or who are themselves elderly and are thus no longer able to provide care; 3. having severe conflicts within the family; 4. having financial problems that make commercially operated sheltered homes out of their reach.","Residential Care As a Sheltered Home for needy elderly persons, we provide long-term residential care including accommodation, meals, laundry and basic medical care. Physiotherapy Programme We have physiotherapy exercises six days a week for our Residents with their respective Individual Care Plan (ICP) reviewed every six months. The programme includes individual and group physiotherapy exercises, occupational-recreational therapy and bedside exercises. A professional physiotherapist assesses our Residents' physical conditions, plans suitable programmes, monitors their progress and guides our in-house Physiotherapy Aides to implement the ICP. Counselling Services Professional counsellors conduct Individual and Group Counselling sessions (Life Review Group and Emotional Management Group). Our in-house Assistant Counsellor provides counselling care to our Residents five days a week. Worship and Fellowship Gatherings Sessions are conducted by volunteers.  Prayer and Praise Fellowship sessions are held on weekdays and Church Services are conducted on Sundays. Medical Services For Residents who are on the Public Assistance (PA) Scheme , our staff escorts them for their medical appointments. For non-PA Residents, we track their drug prescriptions and medical appointments and ensure that their family or relatives attend to their medical needs in a timely manner. We also provide Basic First Aid for our Residents whenever necessary.",Admission Form Additional Criteria Financial Aid Application Form,"St. John's Home for Elderly Persons + − Leaflet | OneMap © contributors | Singapore Land Authority 1 Willow Avenue 
S347508 Office Hours:
Monday to Friday: 9.00am to 6.00pm
Saturday: 9.00am to 1.00pm

Visiting Hours:
Monday to Sunday: 9.00am to 11.30am & 2.00pm to 5.00pm 6285 4446 Website",https://www.sgsocialsupport.com/resource/An5wt3bVr8Y
Sunbeam Place @ Children’s Society,"Sunbeam Place @ Children’s Society is a residential home and gazetted place of safety for children who have been abused and neglected and in need of protection, or whose parents are unable to provide proper care.The children’s welfare, safety and needs are at the centre of its care. The Centre provides a home-like and loving environment for children aged between 2 and 21. It prepares our beneficiaries and their families for reunification through casework and counselling. For those who are unable to reunite with their families, Sunbeam Place @ Children’s Society&nbsp;provides a wide range of programmes to develop their strengths and skills to help facilitate a smoother transition when beneficiaries are discharged from the Centre and on their own as young adults.",https://www.sgsocialsupport.com/resource/T9RhdRyvL9y,No Content Found,Please contact the organisation for more details.,Please contact the organisation for more details.,Please contact the organisation for more details.,Sunbeam Place @ Children’s Society 6273 2010 info@childrensociety.org.sg Website,https://www.sgsocialsupport.com/resource/T9RhdRyvL9y
The Haven,We adopt a small group home concept and provide quality care to children and youth who come from challenging or dysfunctional home environments. We help our residents through individualised care plans and equip them with essential life skills. Support is given to both residents and their families for a successful reunification.,https://www.sgsocialsupport.com/resource/TJXzWjM9zX5,No Content Found,Please contact the organisation for more details.,"Case Management
Casework and counselling are provided to support and nurture residents. Academic Mentoring
Academic volunteers help residents build a good educational foundation. Aftercare Services
Support is provided to discharged residents and their families during the transitional period. Sports and Outdoor Activities
Various recreational activities cultivate residents’ leadership and team building skills. Music, Drama and Art Programmes
Residents can pursue their interests and develop new skills. Transitions@Haven
Mentoring and accommodation are provided for older male residents learning to live independently.",Please contact the organisation for more details.,"The Salvation Army The Haven + − Leaflet | OneMap © contributors | Singapore Land Authority 350 Pasir Panjang Road 
S118692 6775 0366 haven@smm.salvationarmy.org Website",https://www.sgsocialsupport.com/resource/TJXzWjM9zX5
The T Project,"The Alicia Project SG Ltd is the first and only trans-focused community service in Singapore. 
Founded in 2014, The Alicia Project SG Ltd now has The T Project, a homeless shelter, which provides a safe haven for the homeless in the community while they seek employment, healthcare, and more permanent accommodations. 
We work with hospitals, social workers, and government organisations, to support better services and care for the community. Our mission is to support Singapore's transgender community through providing a safe space and social service, allowing them to live their fairy tale life. 
The T Project runs the only shelter for homeless transgender women in Singapore. Beginning in 2014 with a small space at the attic of a shop house shared with another NGO, it has now expanded its scope of services (thanks to the kind support of individual donors) to better serve the transgender community.",https://www.sgsocialsupport.com/resource/PW2FwRAAkLs,No Content Found,Please contact the organisation for more details.,Please contact the organisation for more details.,Please contact the organisation for more details.,The T Project 8346 0263 contact@thetprojectsg.org Website,https://www.sgsocialsupport.com/resource/PW2FwRAAkLs
The Turning Point,"The Turning Point is a Christian charity organization that reaches out to women seeking a place of refuge and help to overcome drug addiction since 1990. By loving them, equipping them and inspiring hope, we assist them to live a life of Hope in God.",https://www.sgsocialsupport.com/resource/f7CjtcyS4bv,No Content Found,Please contact the organisation for more details.,Please contact the organisation for more details.,Please contact the organisation for more details.,"The Turning Point + − Leaflet | OneMap © contributors | Singapore Land Authority 341 Jamaica Road 
S757615 6257 8364 admin@theturningpoint.org.sg Website",https://www.sgsocialsupport.com/resource/f7CjtcyS4bv
Transit Point @ 1 Spooner (New Hope Community Services),"The issue of homelessness was brought to the forefront with the onslaught of the COVID-19 pandemic in 2020. In response to the increased visibility of the homeless population, The Innkeeper’s Project was started to provide a safe space for more than 300 clients. Under this initiative, 78 public housing units were leased to MSF for running a new shelter. We took charge of the operations, working together with other social service agencies which handled the shelter’s case management. With help from volunteers and community partners who contributed furniture, appliances, and help in setting up the units, the shelter was operational within ten days.Transit Point @ 1 Spooner Road (TP@1SR) was set up in 2021 to facilitate the continued support of The Innkeeper’s Project’s clients, as many of them faced difficulties in securing long-term housing during the pandemic. TP@1SR operates from housing units in a block of flats at Spooner Road and the shelter has a maximum occupancy of 250.Core ServicesCase ManagementSupport Groups and Life Skills Training WorkshopsEmployment ProgrammeJoint Single Scheme (JSS) Matching ProgrammeApplying to the ProgrammeCase ManagementSupport Groups and Life Skills Training WorkshopsEmployment ProgrammeJoint Single Scheme (JSS) Matching Programme",https://www.sgsocialsupport.com/resource/LS3Qrsajgvr,No Content Found,Please contact the organisation for more details.,Please contact the organisation for more details.,"If you are seeking temporary shelter for yourself, please visit your nearest Family Service Centre or Social Service Office for a referral. Click here to search for the nearest FSC or SSO. For staff of Social Service Agencies seeking temporary shelter for their clients, please complete our online application form by clicking the button below. Make a Referral",Transit Point @ 1 Spooner (New Hope Community Services) 6305 9620 Website,https://www.sgsocialsupport.com/resource/LS3Qrsajgvr
Transit Point @ Jalan Kukoh (New Hope Community Services),"In 2007, MSF appointed New Hope CS to run the Shelter for Displaced Families, providing interim accommodation and case management services for families who were at-risk of or already homeless.Recognising that the homeless population includes more than just families, we expanded our interim shelter services and set up the Shelter for Displaced Individuals in 2010 to serve individuals who were at-risk of or already homeless.In 2021, the shelters were collectively renamed Transit Point @ Jalan Kukoh. This served to identify and distinguish the shelter at Jalan Kukoh from the other shelters that New Hope operates.Through the portfolio of services provided, TP@JK aims to assist families and individuals in obtaining stable housing and employment, building their network of informal social support and ultimately grow confident in becoming self-reliant. TP@JK occupies housing across several flats in Jalan Kukoh. It also has an Activity Centre where residents can gather and connect with one another.Core ServicesCase ManagementSupport Groups and Life Skills Training WorkshopsEmployment Programme",https://www.sgsocialsupport.com/resource/yaacaH3Y-k4,No Content Found,Please contact the organisation for more details.,Please contact the organisation for more details.,"If you are seeking temporary shelter for yourself, please visit your nearest Family Service Centre or Social Service Office for a referral. Click here to search for the nearest FSC or SSO. For staff of Social Service Agencies seeking temporary shelter for their clients, please complete our online application form by clicking the button below. Make a Referral",Transit Point @ Jalan Kukoh (New Hope Community Services) 6305 9620 Website,https://www.sgsocialsupport.com/resource/yaacaH3Y-k4
Transit Point @ Margaret Drive (New Hope Community Services),"Years of engaging with rough sleepers on the ground and our continued partnership with the MSF PEERS Network taught us that there is a need for a low-entry, community-based interim shelter to serve rough sleepers with complex housing needs.With the support of MSF, we secured the site of the former Queenstown Polyclinic at 51 Margaret Drive to provide an interim shelter for rough sleepers named Transit Point @ Margaret Drive. Its first hundreds of residents were male and female rough sleepers, as well as displaced persons affected by the Malaysian Government Movement Control Order.Initially a self-funded shelter which started during the early phase of the Covid-19 pandemic, TP@MD obtained subsequent funding support from the National Council of Social Services and the Singapore Totalisator Board in May 2020. TP@MD was also built on the generosity of various community partners and donors, who contributed all kinds of tangible and intangible support. To us, this further exemplified the importance of community in uplifting the lives of the displaced and disadvantaged.Our team at the shelter actively works with residents to facilitate their interim and long term housing goals, empower them with the requisite skills needed to achieve self-reliance and connect them to relevant social resources to meet their holistic needs. TP@MD has the capacity to house 70 residents at one time.Core ServicesCase ManagementSupport Groups and Life Skills Training WorkshopsWork Therapy ProgrammeApplying for Shelter",https://www.sgsocialsupport.com/resource/YGcb-cGxcXL,No Content Found,Please contact the organisation for more details.,Please contact the organisation for more details.,"If you are seeking temporary shelter for yourself, please visit your nearest Family Service Centre or Social Service Office for a referral. Click here to search for the nearest FSC or SSO. For staff of Social Service Agencies seeking temporary shelter for their clients, please complete our online application form by clicking the button below. Make a Referral",Transit Point @ Margaret Drive (New Hope Community Services) 6305 9620 Website,https://www.sgsocialsupport.com/resource/YGcb-cGxcXL
Transitonal Shelter (AWWA),"AWWA began operating our first Transitional Shelter (TS) for families in January 2018. Its goal is to provide temporary housing to displaced families who have exhausted all other housing option. In 2022 we started operation of our second TS.Key activities include:Casework and CounsellingSocial workers work closely with families upon admission, to strengthen family stability. We especially focus on working with our families to secure long-term housing, improve employment and financial stability, and keep children in school.Group work and ProgrammesTS also promotes social capital building for our families by bringing families together on a regular basis to strengthen community support.Post-discharge SupportTS continues to support families for six months post-discharge by creating transition plans and referring families to nearby family service centres for continued support.",https://www.sgsocialsupport.com/resource/eSxPL7d9Q6K,No Content Found,Please contact the organisation for more details.,Please contact the organisation for more details.,"If you are seeking temporary shelter for yourself, please visit your nearest Family Service Centre for a referral. Click Here For Nearest FSC To apply for enrolment in our programme, please submit the referral form, social report and supporting documents to ts@awwa.org.sg Referral Form","Transitional Shelter (AWWA) + − Leaflet | OneMap © contributors | Singapore Land Authority 9 Lorong Napiri 
S547531 Monday to Friday: 9.00am – 6.00pm (closed for lunch 1.00pm -2.00pm) 6511 7272 ts@awwa.org.sg Website",https://www.sgsocialsupport.com/resource/eSxPL7d9Q6K
Welfare Homes (Sathya Sai Social Service),"The Ministry of Social and Family Development (MSF) has appointed Sathya Sai Social Service as the Managing Agent of four Welfare Homes – Acacia Home, Bukit Batok Home for the Aged, Tembusu Home at Pelangi Village and Thuja Home at Pelangi Village.The four Welfare Homes cater for destitute persons who do not have family support, financial means and/or place of abode. Some residents have family members or relatives but they may be estranged for many years or who are unable to support and accommodate them owing to various reasons.",https://www.sgsocialsupport.com/resource/YPG9NEVAJNw,No Content Found,Please contact the organisation for more details.,"Residents of the Homes come from different backgrounds with varied life experiences, expectations and needs. An initial assessment is conducted within the resident’s first month of admission by a doctor, physiotherapist, occupational therapist and social worker, in consultation with the resident. The assessment focuses on identifying the resident’s needs, strengths, limitations and activity interest. Information obtained from the various assessments are used as a baseline to develop an Individualised Care Plan (ICP) outlining the treatment goal(s) and intervention strategies, which is mutually agreed between the Home and resident. Upon admission, each resident is assigned: A Social Worker/Caseworker as the Case Manager to assist the resident in adjusting to living in the Home environment and working out an individualised care plan to facilitate appropriate care tailored to the resident’s needs, abilities and interest A Personal Care Officer as the Personal Care Manager to look into the resident’s daily care needs and routine A Staff Nurse as the Care Manager to attend to the health care needs of the resident",Please contact the organisation for more details.,"Acacia Home + − Leaflet | OneMap © contributors | Singapore Land Authority 30 Admiralty Street 
S757441 6254 6575 acaciahome@4s.org.sg Website Bukit Batok Home For The Aged + − Leaflet | OneMap © contributors | Singapore Land Authority 11 Bukit Batok West Ave 2
 
S659205 6665 2818 bukitbatokhome@4s.org.sg Website Tembusu Home at Pelangi Village + − Leaflet | OneMap © contributors | Singapore Land Authority 2 Buangkok Green 
S539749 6489 7639 tembusuhome@4s.org.sg Website Thuja Home at Pelangi Village + − Leaflet | OneMap © contributors | Singapore Land Authority 4 Buangkok Green 
S539750 6489 0026 thujahome@4s.org.sg Website",https://www.sgsocialsupport.com/resource/YPG9NEVAJNw
WINners’ Home (GEM),"At GEM, we believe in community care and rehabilitation. Our main goal is to provide a safe and nurturing environment where our WINners can restore and reintegrate to society empowered and confident!
We understand that not all women have the privilege of returning to a safe and conducive space at home. Hence, WINners’ home is designed to give them an opportunity to experience a safe and protective home where they can nurture and grow. We aim to create an environment that emulates the familial love and care that every woman should receive, regardless of the conditions they may face at home. 
At WINners’ Home, all our ladies are addressed as WINners because we want to positively affirm that they are meant to be winners in life.  We recognise that every achievement, big or small, should be celebrated and considered a WIN! We strongly believe that every woman who walks through our doors can confidently call themselves a WINner in life.",https://www.sgsocialsupport.com/resource/FmQemMkPMpZ,No Content Found,"WINners’ Home operates 24 hours a day, Monday through Sunday.
Eligibility: Applicant is a female age between 18 -25 years old Is mentally and emotionally healthy for community living Is prepared to live with people of various races and religions Applicant need to submit a medical report to verify that she is not pregnant Applicant is not intoxicated / reliance on any substance",Please contact the organisation for more details.,"For residential stay referrals, please download and email the referral form & the offence and health declaration form to the person-in-charge.","WINners’ Home (GEM) + − Leaflet | OneMap © contributors | Singapore Land Authority No 2 Springleaf View 
S787908 6266 3302 admin@gemnsc.com Website WINners’ Home (GEM) + − Leaflet | OneMap © contributors | Singapore Land Authority No 2 Springleaf View 
S787908 6266 3310 admin@gemnsc.com Website",https://www.sgsocialsupport.com/resource/FmQemMkPMpZ
Zion Home for the Aged,"Zion Home For The Aged is a sheltered home for aged females. It was established in 1979 by Zion Presbyterian Church, in response to a call to charitable organizations to help care for the destitute. Admission criteria used to be very stringent, with cases vetted and approved by the Ministry of Social Welfare. However, the needs are different now. The destitute have decreased but the elderly and frail whose dependents are unable to care for them are on the increase. We shall continue to cater to the needs of both these groups of senior citizens.",https://www.sgsocialsupport.com/resource/LfL6pvFGp-e,No Content Found,"THE APPLICANT SHOULD SATISFY THE FOLLOWING REQUIREMENTS: 1 Be a female Singapore Citizen or Permanent Resident. 2 Above 60 years of age. 3 Medically fit and free from infectious diseases, requiring only minimal care, mentally alert and capable of taking care of their activities of daily living. 4 On Public Assistance, or without family and means of financial support, or 5 Has family, but has difficulties living with or obtaining adequate care from the family. 6 If in receipt of Public Assistance or other monetary assistance from other organisations, the applicant should hand over, on admission, all the allowances to the Home for her maintenance, but would retain a sum to be determined by the Management Committee as pocket money per month. 7 Applicants who are not recipients of any monetary assistance would have to pay fees. The management Committee reserves the right to fix the amount according to the financial position of the applicant. 8 To avoid any complications in catering, the applicant should not have any restrictions about food served in the Home, such as objections based on religion or personal habit. 9 Non-Christian applicants should not object to simple religious ceremonies in the Home, such as prayers, singing of hymns etc. 10 The applicant should agree to observe all the Rules and Regulations For Residents of the Home. 11 The following criteria would be adopted in deciding the priority of applicants: a) recipients of Public Assistance b) aged people who are poor and with no one to care for them c) aged people with no one to care for them d) applicants who qualify under the above-mentioned conditions 12 The Management Committee reserves the right to admit or reject any applicant. However, the destitute admitted should comprise at least 30% of the Home muster at any one time. Also the proportion of the fairly frail elderly should not exceed 30 % of the muster.","Zion Home is licensed to accommodate a maximum of twelve residents. In addition to the lounge and dining area, there is an air-conditioned hall for recreational and counseling purposes. The services it provides are as follow: Residential Care : For elderly females with/without dependents. Full board and lodging is provided. Due to space constraints we are unable to accept male residents. Respite Care : For the elderly and frail females who need temporary respite, e.g. when their children or other dependents are away or are unable to care for them. Full board and lodging is provided. Day Care : For those whose dependents cannot care for them in the day. But the dependents have to arrange their own transport to bring the elderly to the home. Meals are provided and rest area is available. Day Care service is provided Monday to Friday only. Weekend service can be arranged if needed. Fees Charged: Residential Care and Respite Care : $750 monthly Day Care : $20 per day or $400 monthly  (Excluding weekend) No deposits are required on admission, but the monthly fee is payable at the beginning of the month. The chargeable fee is dependent on the affordability of the resident or her family who are also responsible for payments on medical care and ambulance charges. Residents on Public Assistance are required to remit their allowances to the Home.",Please contact the organisation for more details.,Zion Home for the Aged 6443 7986 Website,https://www.sgsocialsupport.com/resource/LfL6pvFGp-e
