Name,Description,Link,Full Content,Who can apply,What to expect,How to apply,Contact,Source URL
Blossom Kaki (Senior Volunteerism) Programme (Blossom Seeds),"Blossom Seeds Blossom Kaki Programme is supported by C3A (under the Ministry of Health) since December 2017 to recruit and engage seniors to be volunteers, and empower them to serve the needy seniors.Objectives· Develop their sense of purpose to live an enriching life and age actively and gracefully· Promote and encourage community participation in caring for the needy elderly living in the community· Provides a platform for the volunteers of the same generation to come together to interact and care for each other· Promote social harmony and cohesiveness",https://www.sgsocialsupport.com/resource/Aq8Pv5h7zC4,No Content Found,Please contact the organisation for more details.,Please contact the organisation for more details.,Simply complete the Volunteer Registration Form . or reach out to us via email: volunteer@blossomseeds.sg,"Blossom Kaki (Senior Volunteerism) Programme (Blossom Seeds) + − Leaflet | OneMap © contributors | Singapore Land Authority 105 Canberra Street, #02-01 
S750105 6259 8614 volunteer@blossomseeds.sg Website",https://www.sgsocialsupport.com/resource/Aq8Pv5h7zC4
Bless A BTSS Beneficiary (Brain Tumour Society Singapore),"Beneficiaries are invited to make a wish-list of activities that they would like to do. Examples of wishes include visiting places of interests in Singapore, organizing a birthday party or a beach picnic, or doing spring-cleaning their flat, etc.
BTSS will share all wishes to our volunteers to invite them to take up any of these request(s).  BTSS will then match the volunteers to the beneficiaries to fulfill their wishes.
Through the BBB Program, we aim to connect more individuals within our BTSS family, further strengthening the bonds among beneficiaries, caregivers and volunteers.
Who are they for?
This program is open to ALL our beneficiaries, regardless of their ages, backgrounds and financial stituations as its purpose is to promote bonding and to create opportunities for beneficiaries and volunteers know each other better. We also seek to understand the individual needs of beneficiaries and their family so as to provide better moral and resource support that is personalised to each situation.
A beneficiary and his / her family can only have 1 blessing fulfilled per 6 months period.
Any beneficiary who is interested in this programme may email your wish to us at services@braintumoursociety.org.sg  or call our BTSS office at +65 8738 5669 (from Monday to Friday between 9am and 6pm).",https://www.sgsocialsupport.com/resource/bN7JtZtQrds,No Content Found,Please contact the organisation for more details.,Please contact the organisation for more details.,"How volunteers can sign up for this program? What are some of the things which the volunteers need to take note? All volunteers interested in adopting any wish may email us at services@braintumoursociety.org.sg  or call our BTSS office at +65 8738 5669 (from Monday to Friday between 9am and 6pm). Volunteers, upon adopting the wish, have to submit their itinerary and budget for the adopted wish for BTSS’ approval. Items that need to be purchased for the activity should be included in the proposal.  BTSS will provide a proposal template when you contact us to indicate your interest. For visits to places of interests in Singapore which requires an entry ticket, BTSS will reimburse up to 100% of the entry fee for beneficiary and their family members only. Volunteers will have to pay for their own entry ticket. Additionally, BTSS will reimburse 50% of the total bill incurred for any refreshments (e.g. drinks, snacks, lunch or dinner) for the beneficiary, family members and volunteers. All claims will have to be supported by a clear print-out of receipts.",Brain Tumour Society Singapore 8738 5669 services@braintumoursociety.org.sg Website,https://www.sgsocialsupport.com/resource/bN7JtZtQrds
Club 100 @ North West (North West CDC),"Founded in 2008, Club-100 @ North West is championed by a network of compassionate donors who simply want to do good and do more for the less-privileged, the philanthropic club has forged a strong culture of giving back. Each donor contributes a minimum of $100 monthly in an individual or corporate capacity or donates a lump sum amount to provide sustained and timely assistance to the North West community.Since 2024, the programme has been expanded to cover more areas of support and to assist more needy residents. Additional support will be given to residents struggling with making ends meet due to the rising cost of living, the financial strain of raising children, unforeseen yet essential expenses for the household, or emergency situations at home. The unwavering contributions from our donors through Club-100 @ North West will create a profound and lasting impact to the lives of less-privileged families.By joining Club-100 @ North West, you become part of A Giving Community to uplift the lives of less-privileged residents among us. Individuals or corporate organisations who are keen to join Club-100 @ North West may email at northwestcdc_partnerships@pa.gov.sg or download the form to become a Club-100 @ North West member today.",https://www.sgsocialsupport.com/resource/qPYWcA9dWcC,No Content Found,Please contact the organisation for more details.,Please contact the organisation for more details.,Please contact the organisation for more details.,North West CDC 6248 5566 northwestcdc_partnerships@pa.gov.sg Website,https://www.sgsocialsupport.com/resource/qPYWcA9dWcC
Club 100 @ North West Charity Golf (North West CDC),"Club-100 @ North West Charity Golf is an annual fundraiser to support Club-100 @ North West’s mission in providing timely assistance to help residents in need. Since 2009, the donations have supported over 100,000 needy residents in the North West to defray household expenses.Corporates or individuals who are interested to support this programme, please email&nbsp;northwestcdc_partnerships@pa.gov.sg",https://www.sgsocialsupport.com/resource/P9MHfcqVzFd,No Content Found,Please contact the organisation for more details.,Please contact the organisation for more details.,Please contact the organisation for more details.,North West CDC 6248 5566 northwestcdc_partnerships@pa.gov.sg Website,https://www.sgsocialsupport.com/resource/P9MHfcqVzFd
Community Service (American Women's Association Singapore),"Join other AWA women and support Singapore charities by participating in one of our volunteer programs. AWA works closely with several organizations, and we’ve designed our programs so members can choose from a variety of schedules and types of volunteer options. Please click ""Additional Details"" to find out more about our Featured Organizations.Schedule:Dates varyFees:No feesRegistration:Register below or via our events calendarAdditional Details",https://www.sgsocialsupport.com/resource/ckHTtzfy7-W,No Content Found,Please contact the organisation for more details.,Please contact the organisation for more details.,Please contact the organisation for more details.,"American Women's Association Singapore + − Leaflet | OneMap © contributors | Singapore Land Authority 360 Orchard Road
International Bldg, #08-02 
S238869 8460 2560 office@awasingapore.org Website",https://www.sgsocialsupport.com/resource/ckHTtzfy7-W
Festive Cheers @ South West (South West CDC),"A flagship initiative under Adopt @ South West that aims to spread joy to the underprivileged residents. In collaboration with our corporate and community partners and volunteers, a series of activities, ranging from social excursions, festive parties, grant-a-wish are organised any time of the year leading to the signature event of distribution of care packs to 8,000 units within South West District between December to February yearly.
Interested to do a part for the community with your organisation? Write in to us at Southwest_CDC@pa.gov.sg",https://www.sgsocialsupport.com/resource/CmfEypcFLjz,No Content Found,Please contact the organisation for more details.,Please contact the organisation for more details.,Please contact the organisation for more details.,South West CDC 6316 1616 Southwest_CDC@pa.gov.sg Website,https://www.sgsocialsupport.com/resource/CmfEypcFLjz
Hair For Hope,"Hair for Hope is Children’s Cancer Foundation’s signature outreach event – the only head-shaving event in Singapore that serves to raise childhood cancer awareness and funds.&nbsp;Every shaven&nbsp;head represents an understanding by an&nbsp;individual of the ordeals that a child with&nbsp;cancer is subjected to.&nbsp;HfH&nbsp;also provides&nbsp;opportunity to garner support from the&nbsp;public in the form of monetary pledging.&nbsp;By volunteering to shave, the&nbsp;shavees&nbsp;become CCF’s ambassadors in spreading&nbsp;childhood cancer messages to their&nbsp;family, friends and colleagues when&nbsp;garnering monetary support from them.Through the symbolic gesture of shaving bald, we aim to:Create awareness of childhood cancer in SingaporeShow children with cancer and their families that they are not alone in their fight against cancerTell children with cancer that it is OK to be baldRaise funds and help children with cancer and their familiesBuild a community of support for children with cancer and their familiesYou can support us and be part of Hair for Hope through the following ways:Be a sponsor of Hair for HopeRegister as an individual shaveeOrganise a satellite event at your preferred locationGather your family and friends to form a group of minimum five shaveesRegister as event volunteerMake a donation to CCFFind out more about Hair for Hope at www.hairforhope.org.sg.",https://www.sgsocialsupport.com/resource/Fskexfr7Tdf,No Content Found,Please contact the organisation for more details.,Please contact the organisation for more details.,Please contact the organisation for more details.,Children Cancer Foundation info@hairforhope.org.sg Website,https://www.sgsocialsupport.com/resource/Fskexfr7Tdf
Medical Escort Volunteer (Cheng Hong Welfare Service Society),"Join us as a Medical Escort Volunteer!
Love to interact with seniors?
Able to spare a few hours on weekdays?
We are recruiting Medical Escort Volunteers to help escort frail or wheelchair-bound seniors for their medical appointments! Training will be provided.",https://www.sgsocialsupport.com/resource/cgC47DrWeyY,No Content Found,Please contact the organisation for more details.,Please contact the organisation for more details.,Please contact the organisation for more details.,Medical Escort Volunteer (Cheng Hong Welfare Service Society) 6914 9508 volunteers@chenghongwelfare.org Website,https://www.sgsocialsupport.com/resource/cgC47DrWeyY
NCIS Dream Makers,"About the NCIS Dream Makers
At the National University Cancer Institute, Singapore (NCIS), we see about 600 late-stage adult cancer patients every year and the number has been increasing. When faced with potential terminal cancers, many patients may have unfulfilled dreams that are important to them and their families. As most wish-granting organisations are focused on helping children, our goal is to fill in the gap and help adult cancer patients achieve their dreams as well. 
Thus, in conjunction with the NCIS' 10th Year Anniversary in 2018, we launched the NCIS Dream Makers, a new initiative to help NCIS patients with advanced cancers fulfill their dreams. Our goal is to help our advanced cancer patients fulfill their dreams and give hope and encouragement towards their cancer journey. This also gives us an opportunity to improve their quality of lives beyond just clinical care. 
We listen to our patients' dreams and we want to help make them come true. Through the NCIS Dream Makers, we want our patients to know that there is life beyond cancer and add some cheer and positivity to their fight with cancer!
Who Are the NCIS Dream Makers
The NCIS Dream Makers are made up of NCIS staff and a group of volunteers comprising doctors, healthcare professionals, NGOs, corporate bodies and ordinary people from all walks of lives who are passionate in helping our patients achieve their dreams. We are guided by the firm belief that by helping others, we discover the meaning of caring and togetherness that will bring out fulfilment in our own lives.  
Be Part of the NCIS Dream Makers
Join us as a volunteer, and help bring hope to our patients' lives by turning their dreams into reality!
Find out more about how you can volunteer below. 
Corporate Liaison Officers

To secure short-term sponsorships and long-term partnerships with corporates
Plan events that gather sponsors and partners together as gratitude for their support and cooperation 

Volunteer Recruitment Officers

Contact schools and community partners to recruit volunteers
Plan events/ campaigns that spread word of project and attract more prospective volunteers

Dream Makers

Organise, plan, and help to make our patients' dreams come true!
Make itineraries, contact venues, and take care of any other logistics needed to fulfil patient's dream

Photographers and/or Videographers

Take photos and videos during events and dreams (with consent)
May have to do additional tasks (ex. Family portraits, photo books, short movies)

Publicity Officers

Write short stories about a patient's fulfilled dream that may be published online/internal newsletters if consent is obtained",https://www.sgsocialsupport.com/resource/P9DeqvKvERs,No Content Found,"Patient Eligibility Eligible patients are referred to the NCIS Dream Makers by their healthcare professionals at NCIS. If you are an NCIS patient and wish to have your dream fulfilled, speak to your healthcare staff.",Please contact the organisation for more details.,Please contact the organisation for more details.,NCIS Dream Makers 9836 8204 ncis_dreammakers@nuhs.edu.sg Website,https://www.sgsocialsupport.com/resource/P9DeqvKvERs
Wheel The Ground (Disabled People's Association),"Through the collaboration between DPA and SmartBFA, our Wheel The Ground sessions actively collect data and map out accessible paths at various locations in Singapore. This data helps identify routes that may be more accessible for wheelchair users.Many individuals with mobility challenges may avoid leaving their homes due to a lack of confidence in navigating their surroundings. Our initiative empowers them, encouraging ease and confidence in their daily commute.In these mapping sessions, participants also have the opportunity to experience the perspective of wheelchair users. The collected data, including areas lacking accessibility features will be shared with town planners and venue owners for necessary actions.Using the Smart BFA app on your mobile phone, join us as we step out to map accessible routes during our 90-minute Wheel the Ground sessions.",https://www.sgsocialsupport.com/resource/SSfkyfZxdWz,No Content Found,Please contact the organisation for more details.,Benefits of participation Leadership in CSR: Showcase your company’s commitment to social responsibility. Community impact: Contribute to significant improvements in local accessibility. Team Building: Engage your employees in a fulfilling and unifying experience together. Promoting Technology for Good,Please get in touch with Santosh at santosh@DPA.org.sg for more information about this enjoyable and impactful activity.,"Santosh + − Leaflet | OneMap © contributors | Singapore Land Authority 1 Jurong West Central 2
#04-01
Jurong Point Shopping Centre 
S648886 6791 1134 santosh@DPA.org.sg Website",https://www.sgsocialsupport.com/resource/SSfkyfZxdWz
